Sample.date,sampling.week,sampling.week.end,treatment,Heated,Invasion,Mesocosm,rep,A_TotalAlgae,A_Green,A_Cyanobacteria,A_Chromophytes,A_Cryptophytes
19/05/20,0,1,C,N,N,2,1,6.15,6.08,0.07,0,0
19/05/20,0,1,C,N,N,7,2,15.5,15.39,0.11,0,0
19/05/20,0,1,C,N,N,13,3,5.43,5.4,0.03,0,0
19/05/20,0,1,C,N,N,17,4,2.12,2.09,0.03,0,0
19/05/20,0,1,C,N,N,21,5,3.82,3.78,0.05,0,0
19/05/20,0,1,C,N,N,24,6,11.42,11.14,0.29,0,0
26/05/20,1,2,C,N,N,2,1,10.42,9.53,0.38,0.52,0
26/05/20,1,2,C,N,N,7,2,17.73,17.73,0,0,0
26/05/20,1,2,C,N,N,13,3,7.32,7.28,0.03,0,0
26/05/20,1,2,C,N,N,17,4,4.85,4.85,0,0,0
26/05/20,1,2,C,N,N,21,5,5.37,5.28,0.03,0.05,0
26/05/20,1,2,C,N,N,24,6,26.24,26.24,0,0,0
2/06/20,2,3,C,N,N,2,1,11.06,10.07,1,0,0
2/06/20,2,3,C,N,N,7,2,12.37,8.35,3.07,0.95,0
2/06/20,2,3,C,N,N,13,3,3.75,3.11,0.58,0.06,0
2/06/20,2,3,C,N,N,17,4,11.9,11.9,0,0,0
2/06/20,2,3,C,N,N,21,5,3.77,3.25,0.51,0,0
2/06/20,2,3,C,N,N,24,6,6.81,2.16,4.25,0.39,0
9/06/20,3,4,C,N,N,2,1,19.6,19.02,0.41,0.17,0
9/06/20,3,4,C,N,N,7,2,19.26,14.98,2.57,1.71,0
9/06/20,3,4,C,N,N,13,3,12.97,12.25,0,0.72,0
9/06/20,3,4,C,N,N,17,4,7.95,7.73,0.22,0,0
9/06/20,3,4,C,N,N,21,5,15.15,14.57,0.17,0.41,0
9/06/20,3,4,C,N,N,24,6,16.88,11.77,3.13,1.98,0
16/06/20,4,5,C,N,N,2,1,31.63,23.15,6.78,1.7,0
16/06/20,4,5,C,N,N,7,2,21.25,9.3,11.94,0,0
16/06/20,4,5,C,N,N,13,3,8.32,6.51,1.23,0.58,0
16/06/20,4,5,C,N,N,17,4,11.11,10.42,0.53,0.15,0
16/06/20,4,5,C,N,N,21,5,16.32,14,1.35,0.96,0
16/06/20,4,5,C,N,N,24,6,15.9,7.19,8.71,0,0
23/06/20,5,6,C,N,N,2,1,25.81,14.77,7.13,3.91,0
23/06/20,5,6,C,N,N,7,2,13.05,3.66,9.02,0.38,0
23/06/20,5,6,C,N,N,13,3,11.99,9.04,0.9,2.05,0
23/06/20,5,6,C,N,N,17,4,5.67,4.66,0.77,0.24,0
23/06/20,5,6,C,N,N,21,5,7.76,4.94,1.82,0.99,0
23/06/20,5,6,C,N,N,24,6,11.18,3.01,6.66,1.51,0
30/06/20,6,7,C,N,N,2,1,20.48,12.22,7.63,0.64,0
30/06/20,6,7,C,N,N,7,2,12.53,4.98,7.27,0.28,0
30/06/20,6,7,C,N,N,13,3,18.52,17.14,1.05,0.34,0
30/06/20,6,7,C,N,N,17,4,12.41,11.31,0.68,0.42,0
30/06/20,6,7,C,N,N,21,5,6.91,4.02,1.84,1.05,0
30/06/20,6,7,C,N,N,24,6,13.41,7.57,5.41,0.42,0
7/07/20,7,8,C,N,N,2,1,23.16,13.86,8.13,1.17,0
7/07/20,7,8,C,N,N,7,2,14.8,6.5,7.93,0.37,0
7/07/20,7,8,C,N,N,13,3,19.11,17.54,1,0.57,0
7/07/20,7,8,C,N,N,17,4,24.85,24.29,0.32,0.24,0
7/07/20,7,8,C,N,N,21,5,10.73,8.51,1.06,1.15,0
7/07/20,7,8,C,N,N,24,6,20.05,15.52,4.42,0.11,0
14/07/20,8,9,C,N,N,2,1,18.66,11.47,6.93,0.26,0
14/07/20,8,9,C,N,N,7,2,9.81,2.61,7.2,0,0
14/07/20,8,9,C,N,N,13,3,15.53,13.78,0.74,0.85,0.15
14/07/20,8,9,C,N,N,17,4,18.71,16.81,0.5,1.19,0.21
14/07/20,8,9,C,N,N,21,5,19.06,13.77,0.34,3.24,1.71
14/07/20,8,9,C,N,N,24,6,11.41,6.45,4.18,0.79,0
21/07/20,9,10,C,N,N,2,1,20.41,11.21,8.63,0.57,0
21/07/20,9,10,C,N,N,7,2,9.18,1.86,7.17,0.15,0
21/07/20,9,10,C,N,N,13,3,8.69,7.05,1.12,0.52,0
21/07/20,9,10,C,N,N,17,4,18.52,18.2,0.3,0.01,0
21/07/20,9,10,C,N,N,21,5,16.61,15.37,0.82,0.42,0
21/07/20,9,10,C,N,N,24,6,14.25,8.5,3.11,2.65,0
28/07/20,10,11,C,N,N,2,1,23.21,13.28,9.84,0.09,0
28/07/20,10,11,C,N,N,7,2,7.75,0.62,6.54,0.59,0
28/07/20,10,11,C,N,N,13,3,3.4,1.91,1.13,0.36,0
28/07/20,10,11,C,N,N,17,4,34.89,34.89,0,0,0
28/07/20,10,11,C,N,N,21,5,23.97,23.15,0.71,0.12,0
28/07/20,10,11,C,N,N,24,6,10.73,5.45,2.77,2.51,0
4/08/20,11,12,C,N,N,2,1,17.11,11.05,5.38,0.69,0
4/08/20,11,12,C,N,N,7,2,5.82,2.31,3.07,0.45,0
4/08/20,11,12,C,N,N,13,3,5.66,4.53,0.93,0.2,0
4/08/20,11,12,C,N,N,17,4,52.44,52.44,0,0,0
4/08/20,11,12,C,N,N,21,5,38.83,38.81,0,0.02,0
4/08/20,11,12,C,N,N,24,6,7.32,3.73,2.97,0.62,0
11/08/20,12,13,C,N,N,2,1,23.25,14.61,7.66,0.98,0
11/08/20,12,13,C,N,N,7,2,5.9,2.38,2.56,0.96,0
11/08/20,12,13,C,N,N,13,3,8.79,7.13,1.2,0.45,0
11/08/20,12,13,C,N,N,17,4,66.77,66.77,0,0,0
11/08/20,12,13,C,N,N,21,5,15.85,13.4,0.96,1.49,0
11/08/20,12,13,C,N,N,24,6,4.09,1.39,2.41,0.29,0
18/08/20,13,14,C,N,N,2,1,25.6,8.74,10.68,6.17,0
18/08/20,13,14,C,N,N,7,2,5.58,2.93,2.1,0.55,0
18/08/20,13,14,C,N,N,13,3,9.19,7.96,1.07,0.16,0
18/08/20,13,14,C,N,N,17,4,95.91,95.91,0,0,0
18/08/20,13,14,C,N,N,21,5,7.42,4.73,1.7,0.99,0
18/08/20,13,14,C,N,N,24,6,3.53,1.68,1.65,0.2,0
25/08/20,14,15,C,N,N,2,1,15.74,13.78,1.96,0,0
25/08/20,14,15,C,N,N,7,2,8.59,4.37,3.52,0.69,0
25/08/20,14,15,C,N,N,13,3,8.99,7.03,1.74,0.22,0
25/08/20,14,15,C,N,N,17,4,83.36,83.36,0,0,0
25/08/20,14,15,C,N,N,21,5,11.75,8.49,2.72,0.54,0
25/08/20,14,15,C,N,N,24,6,5.2,2.27,1.91,1,0.02
1/09/20,15,16,C,N,N,2,1,18.12,7.5,7.38,3.25,0
1/09/20,15,16,C,N,N,7,2,10.37,5.59,4.67,0.12,0
1/09/20,15,16,C,N,N,13,3,11.02,9.18,1.71,0.13,0
1/09/20,15,16,C,N,N,17,4,53.03,53.03,0,0,0
1/09/20,15,16,C,N,N,21,5,17.89,14.7,3.19,0,0
1/09/20,15,16,C,N,N,24,6,5.54,3.47,1.68,0.39,0
8/09/20,16,17,C,N,N,2,1,6.79,3.84,0,2.94,0
8/09/20,16,17,C,N,N,7,2,8.68,4.79,3.82,0.07,0
8/09/20,16,17,C,N,N,13,3,5.55,3.13,2.12,0.3,0
8/09/20,16,17,C,N,N,17,4,70.73,70.73,0,0,0
8/09/20,16,17,C,N,N,21,5,12.67,10.08,2.44,0.15,0
8/09/20,16,17,C,N,N,24,6,2.83,0.91,1.55,0.37,0
15/09/20,17,18,C,N,N,2,1,11.13,4.74,3.22,3.17,0
15/09/20,17,18,C,N,N,7,2,8.42,4.32,3.88,0.22,0
15/09/20,17,18,C,N,N,13,3,2.23,0.6,1.32,0.31,0
15/09/20,17,18,C,N,N,17,4,67.32,67.32,0,0,0
15/09/20,17,18,C,N,N,21,5,8.31,5.85,2.08,0.39,0
15/09/20,17,18,C,N,N,24,6,2.68,1.18,1.21,0.29,0
22/09/20,18,19,C,N,N,2,1,11.72,5.4,3.57,2.75,0
22/09/20,18,19,C,N,N,7,2,8.96,4.12,4.09,0.75,0
22/09/20,18,19,C,N,N,13,3,2.94,1.14,1.13,0.56,0.12
22/09/20,18,19,C,N,N,17,4,91.17,91.17,0,0,0
22/09/20,18,19,C,N,N,21,5,7.44,4.35,2.26,0.83,0
22/09/20,18,19,C,N,N,24,6,4.5,2.61,1.26,0.63,0
29/09/20,19,20,C,N,N,2,1,10.28,4.24,4.26,1.78,0
29/09/20,19,20,C,N,N,7,2,7.61,2.96,3.44,1.21,0
29/09/20,19,20,C,N,N,13,3,1.75,0,1.12,0.43,0.2
29/09/20,19,20,C,N,N,17,4,48.46,48.21,0,0.25,0
29/09/20,19,20,C,N,N,21,5,9.06,6.55,1.84,0.66,0
29/09/20,19,20,C,N,N,24,6,3.14,1.21,1.31,0.62,0
6/10/20,20,21,C,N,N,2,1,15.72,6.46,6.42,2.85,0
6/10/20,20,21,C,N,N,7,2,5.67,0.63,2.97,2.02,0.04
6/10/20,20,21,C,N,N,13,3,1.37,0,1.07,0,0.3
6/10/20,20,21,C,N,N,17,4,55.11,55.11,0,0,0
6/10/20,20,21,C,N,N,21,5,24.24,22.39,1.37,0.49,0
6/10/20,20,21,C,N,N,24,6,3.6,0.72,1.67,1.21,0
13/10/20,21,22,C,N,N,2,1,12.83,6.64,4.42,1.77,0
13/10/20,21,22,C,N,N,7,2,2.62,0.42,1.52,0.65,0.03
13/10/20,21,22,C,N,N,13,3,1.22,0,0.68,0.54,0.01
13/10/20,21,22,C,N,N,17,4,45.85,45.85,0,0,0
13/10/20,21,22,C,N,N,21,5,23.46,22.86,0.59,0,0
13/10/20,21,22,C,N,N,24,6,2.28,0.5,1.21,0.56,0
20/10/20,22,23,C,N,N,2,1,15.96,8.83,5.7,1.44,0
20/10/20,22,23,C,N,N,7,2,1.93,0.49,0.68,0.59,0.17
20/10/20,22,23,C,N,N,13,3,3.25,0.95,0.37,1.93,0
20/10/20,22,23,C,N,N,17,4,33.97,33.97,0,0,0
20/10/20,22,23,C,N,N,21,5,26.82,26.62,0.2,0,0
20/10/20,22,23,C,N,N,24,6,3.83,1.38,1.27,0.92,0.26
27/10/20,23,24,C,N,N,2,1,17.6,9.65,6.91,1.04,0
27/10/20,23,24,C,N,N,7,2,2.03,0,0.98,0.56,0.48
27/10/20,23,24,C,N,N,13,3,0.97,0,0.86,0,0.11
27/10/20,23,24,C,N,N,17,4,31.5,31.38,0.12,0,0
27/10/20,23,24,C,N,N,21,5,15.57,13.75,1.67,0.15,0
27/10/20,23,24,C,N,N,24,6,1.7,0,1.15,0.33,0.23
3/11/20,24,25,C,N,N,2,1,22.24,9.4,10.95,1.89,0
3/11/20,24,25,C,N,N,7,2,2.18,0,1.06,0.89,0.24
3/11/20,24,25,C,N,N,13,3,1.09,0,0.89,0.12,0.08
3/11/20,24,25,C,N,N,17,4,31.24,30.8,0.43,0,0
3/11/20,24,25,C,N,N,21,5,1.74,0,1.74,0,0
3/11/20,24,25,C,N,N,24,6,2.74,0,1.29,0.91,0.53
10/11/20,25,26,C,N,N,2,1,14,4.86,8.52,0.62,0
10/11/20,25,26,C,N,N,7,2,3.71,1.36,1.16,1.04,0.15
10/11/20,25,26,C,N,N,13,3,1.12,0,1.04,0,0.08
10/11/20,25,26,C,N,N,17,4,23.4,22.8,0.51,0.09,0
10/11/20,25,26,C,N,N,21,5,1.58,0,1.58,0,0
10/11/20,25,26,C,N,N,24,6,1.56,0,1.56,0,0
17/11/20,26,27,C,N,N,2,1,24.36,7.12,16.5,0.73,0
17/11/20,26,27,C,N,N,7,2,3.49,1.53,1.1,0.79,0.08
17/11/20,26,27,C,N,N,13,3,1.44,0,1.13,0.31,0
17/11/20,26,27,C,N,N,17,4,16.56,16.03,0.54,0,0
17/11/20,26,27,C,N,N,21,5,3.75,3.35,0.07,0.33,0
17/11/20,26,27,C,N,N,24,6,1.64,0,1.64,0,0
24/11/20,27,28,C,N,N,2,1,21.54,8.28,12.79,0.48,0
24/11/20,27,28,C,N,N,7,2,2.38,0.78,1.03,0.56,0.01
24/11/20,27,28,C,N,N,13,3,1.14,0.02,0.87,0.25,0
24/11/20,27,28,C,N,N,17,4,14.78,14.59,0.19,0,0
24/11/20,27,28,C,N,N,21,5,1.61,0,1.61,0,0
24/11/20,27,28,C,N,N,24,6,1.3,0,1.29,0,0.01
1/12/20,28,29,C,N,N,2,1,23.13,7.32,14.97,0.84,0
1/12/20,28,29,C,N,N,7,2,1.19,0,1,0.18,0.01
1/12/20,28,29,C,N,N,13,3,0.63,0,0.63,0,0
1/12/20,28,29,C,N,N,17,4,16.16,16.16,0,0,0
1/12/20,28,29,C,N,N,21,5,0.71,0,0.71,0,0
1/12/20,28,29,C,N,N,24,6,0.55,0,0.55,0,0
8/12/20,29,30,C,N,N,2,1,17.72,5.41,11.66,0.65,0
8/12/20,29,30,C,N,N,7,2,1.08,0,0.88,0.2,0
8/12/20,29,30,C,N,N,13,3,2.78,1.57,0.7,0.51,0
8/12/20,29,30,C,N,N,17,4,21.44,21.44,0,0,0
8/12/20,29,30,C,N,N,21,5,1.17,0,1.17,0,0
8/12/20,29,30,C,N,N,24,6,0.91,0,0.91,0,0
15/12/20,30,31,C,N,N,2,1,22.99,3.78,18.68,0.53,0
15/12/20,30,31,C,N,N,7,2,0.92,0,0.92,0,0
15/12/20,30,31,C,N,N,13,3,0.78,0,0.74,0,0.036666667
15/12/20,30,31,C,N,N,17,4,26,26,0,0,0
15/12/20,30,31,C,N,N,21,5,1.51,0,1.51,0,0
15/12/20,30,31,C,N,N,24,6,1.43,0,1.43,0,0
22/12/20,31,32,C,N,N,2,1,24.26,2.14,21.17,0.95,0
22/12/20,31,32,C,N,N,7,2,0.93,0,0.92,0,0.013333333
22/12/20,31,32,C,N,N,13,3,1.19,0,1.01,0.03,0.153333333
22/12/20,31,32,C,N,N,17,4,31.63,31.63,0,0,0
22/12/20,31,32,C,N,N,21,5,0.74,0,0.74,0,0
22/12/20,31,32,C,N,N,24,6,0.61,0,0.61,0,0
29/12/20,32,33,C,N,N,2,1,18.92,0,17.34,1.59,0
29/12/20,32,33,C,N,N,7,2,1.15,0.24,0.73,0.17,0
29/12/20,32,33,C,N,N,13,3,1.18,0,0.69,0.5,0
29/12/20,32,33,C,N,N,17,4,44.24,44.24,0,0,0
29/12/20,32,33,C,N,N,21,5,0.54,0,0.54,0,0
29/12/20,32,33,C,N,N,24,6,0.71,0,0.71,0,0
5/01/21,33,34,C,N,N,2,1,17.5,0,16.08,1.4,0.023333333
5/01/21,33,34,C,N,N,7,2,2.46,1.81,0.58,0.04,0.026666667
5/01/21,33,34,C,N,N,13,3,1.22,0.25,0.55,0.34,0.086666667
5/01/21,33,34,C,N,N,17,4,64.7,64.7,0,0,0
5/01/21,33,34,C,N,N,21,5,0.55,0,0.55,0,0
5/01/21,33,34,C,N,N,24,6,0.53,0,0.53,0,0
12/01/21,34,35,C,N,N,2,1,12.06,0,11.24,0.53,0.293333333
12/01/21,34,35,C,N,N,7,2,4.73,4.27,0.38,0.09,0
12/01/21,34,35,C,N,N,13,3,1.74,0.75,0.53,0.38,0.093333333
12/01/21,34,35,C,N,N,17,4,80.25,80.25,0,0,0
12/01/21,34,35,C,N,N,21,5,0.46,0,0.46,0,0
12/01/21,34,35,C,N,N,24,6,0.37,0,0.37,0,0
26/01/21,36,37,C,N,N,2,1,6.01,0,5.83,0,0.17
26/01/21,36,37,C,N,N,7,2,5.54,5.35,0.19,0,0
26/01/21,36,37,C,N,N,13,3,0.45,0,0.25,0.12,0.073333333
26/01/21,36,37,C,N,N,17,4,114.11,114.11,0,0,0
26/01/21,36,37,C,N,N,21,5,0.35,0,0.32,0.01,0.023333333
26/01/21,36,37,C,N,N,24,6,0.44,0,0.31,0.1,0.026666667
23/02/21,40,41,C,N,N,2,1,2.81,1.23,1.34,0.25,0
23/02/21,40,41,C,N,N,7,2,0.8,0.23,0.38,0.18,0
23/02/21,40,41,C,N,N,13,3,1.52,0.76,0.31,0.45,0
23/02/21,40,41,C,N,N,17,4,65.3,65.3,0,0,0
23/02/21,40,41,C,N,N,21,5,0.65,0.22,0.31,0.12,0
23/02/21,40,41,C,N,N,24,6,1.95,1.13,0.2,0.6,0.02
2/03/21,41,42,C,N,N,2,1,14.07,10.57,2.59,0.92,0
2/03/21,41,42,C,N,N,7,2,7.25,4.2,2.13,0.78,0.126666667
2/03/21,41,42,C,N,N,13,3,3.4,2.82,0.14,0.23,0.206666667
2/03/21,41,42,C,N,N,17,4,84.38,84.38,0,0,0
2/03/21,41,42,C,N,N,21,5,1.71,1.05,0.46,0.2,0
2/03/21,41,42,C,N,N,24,6,5.84,4.99,0.24,0.47,0.133333333
10/03/21,42,43,C,N,N,2,1,4.27,2.95,0.98,0.33,0
10/03/21,42,43,C,N,N,7,2,2.76,2.13,0.36,0.27,0
10/03/21,42,43,C,N,N,13,3,2.22,1.94,0,0.16,0.116666667
10/03/21,42,43,C,N,N,17,4,89.78,89.78,0,0,0
10/03/21,42,43,C,N,N,21,5,0.18,0,0.18,0,0
10/03/21,42,43,C,N,N,24,6,4.63,3.78,0,0.74,0.103333333
16/03/21,43,44,C,N,N,2,1,5.29,3.42,0.97,0.9,0
16/03/21,43,44,C,N,N,7,2,1.94,0.88,0.33,0.73,0
16/03/21,43,44,C,N,N,13,3,4.94,4.37,0,0.57,0
16/03/21,43,44,C,N,N,17,4,84.87,84.87,0,0,0
16/03/21,43,44,C,N,N,21,5,0.21,0.04,0.16,0.01,0
16/03/21,43,44,C,N,N,24,6,7.68,6.02,0,1.65,0
23/03/21,44,45,C,N,N,2,1,9.21,7.01,0.63,1.57,0
23/03/21,44,45,C,N,N,7,2,2.78,0.9,0.38,1.5,0
23/03/21,44,45,C,N,N,13,3,6.3,5.65,0,0.65,0
23/03/21,44,45,C,N,N,17,4,67.9,67.9,0,0,0
23/03/21,44,45,C,N,N,21,5,0.36,0.17,0.16,0.02,0
23/03/21,44,45,C,N,N,24,6,9.47,8.15,0,1.31,0
30/03/21,45,46,C,N,N,2,1,25.65,22.11,0.68,2.85,0
30/03/21,45,46,C,N,N,7,2,4.01,1.48,0.27,2.27,0
30/03/21,45,46,C,N,N,13,3,4.66,3.51,0,1.15,0
30/03/21,45,46,C,N,N,17,4,87.48,85.27,0,2.21,0
30/03/21,45,46,C,N,N,21,5,1.1,0.53,0.26,0.3,0
30/03/21,45,46,C,N,N,24,6,19.34,16.23,0,3.11,0
6/04/21,46,47,C,N,N,2,1,16.26,13.35,0.91,2,0
6/04/21,46,47,C,N,N,7,2,18.17,9.61,0,8.57,0
6/04/21,46,47,C,N,N,13,3,6.5,5.48,0.59,0.43,0
6/04/21,46,47,C,N,N,17,4,60.1,59.34,0,0.76,0
6/04/21,46,47,C,N,N,21,5,5.15,3.73,0,1.42,0
6/04/21,46,47,C,N,N,24,6,6.65,6.17,0,0.49,0
13/04/21,47,48,C,N,N,2,1,10.72,8.66,1.03,1.03,0
13/04/21,47,48,C,N,N,7,2,1.73,1.02,0.43,0.29,0
13/04/21,47,48,C,N,N,13,3,5.15,4.5,0.37,0.28,0
13/04/21,47,48,C,N,N,17,4,40.1,39.36,0,0.75,0
13/04/21,47,48,C,N,N,21,5,12.89,10.03,0,2.86,0
13/04/21,47,48,C,N,N,24,6,2.58,2.51,0.07,0,0
20/04/21,48,49,C,N,N,2,1,14.42,13.27,1.07,0.07,0
20/04/21,48,49,C,N,N,7,2,5.13,3.33,0.26,1.55,0
20/04/21,48,49,C,N,N,13,3,13.64,13.46,0.01,0.17,0
20/04/21,48,49,C,N,N,17,4,22.46,21.28,0,1.19,0
20/04/21,48,49,C,N,N,21,5,20.32,16.96,0,3.36,0
20/04/21,48,49,C,N,N,24,6,2.83,2.74,0.1,0,0
27/04/21,49,50,C,N,N,2,1,11.07,8.83,1.99,0.25,0
27/04/21,49,50,C,N,N,7,2,4.13,2,0.15,1.98,0
27/04/21,49,50,C,N,N,13,3,4.06,4,0.02,0.03,0
27/04/21,49,50,C,N,N,17,4,2.79,2.75,0.04,0,0
27/04/21,49,50,C,N,N,21,5,16.78,14.36,0,2.42,0
27/04/21,49,50,C,N,N,24,6,3.01,2.94,0.08,0,0
4/05/21,50,51,C,N,N,2,1,12.52,9.34,2.76,0.43,0
4/05/21,50,51,C,N,N,7,2,2.59,1.43,0.75,0.41,0
4/05/21,50,51,C,N,N,13,3,3.53,3.37,0.1,0.07,0
4/05/21,50,51,C,N,N,17,4,2.86,2.67,0.18,0,0
4/05/21,50,51,C,N,N,21,5,10.7,8.58,0,2.12,0
4/05/21,50,51,C,N,N,24,6,3.58,3.4,0.14,0.04,0
11/05/21,51,52,C,N,N,2,1,11.85,6.93,4.79,0.13,0
11/05/21,51,52,C,N,N,7,2,1.64,0.84,0.62,0.18,0
11/05/21,51,52,C,N,N,13,3,4.62,3.86,0,0.76,0
11/05/21,51,52,C,N,N,17,4,4.53,4.49,0.04,0,0
11/05/21,51,52,C,N,N,21,5,1.25,0.63,0.19,0.43,0
11/05/21,51,52,C,N,N,24,6,3.2,2.95,0.13,0.12,0
18/05/21,52,53,C,N,N,2,1,12.45,7.57,4.37,0.51,0
18/05/21,52,53,C,N,N,7,2,2.03,0.98,0.82,0.22,0
18/05/21,52,53,C,N,N,13,3,7.92,7.55,0,0.38,0
18/05/21,52,53,C,N,N,17,4,13.94,13.94,0,0,0
18/05/21,52,53,C,N,N,21,5,1.16,0.31,0.26,0.5,0.086666667
18/05/21,52,53,C,N,N,24,6,2.24,1.71,0.39,0.14,0
25/05/21,53,54,C,N,N,2,1,8.15,3.67,2.95,1.53,0
25/05/21,53,54,C,N,N,7,2,0.93,0.08,0.65,0.2,0
25/05/21,53,54,C,N,N,13,3,4.77,4.3,0.2,0.27,0
25/05/21,53,54,C,N,N,17,4,16.1,16.1,0,0,0
25/05/21,53,54,C,N,N,21,5,0.47,0,0.27,0.2,0.006666667
25/05/21,53,54,C,N,N,24,6,3.56,2.73,0.56,0.27,0
1/06/21,54,55,C,N,N,2,1,7.93,3.78,2.8,1.35,0
1/06/21,54,55,C,N,N,7,2,0.84,0,0.66,0.18,0
1/06/21,54,55,C,N,N,13,3,5.26,4.13,0.3,0.74,0.086666667
1/06/21,54,55,C,N,N,17,4,21.35,21.35,0,0,0
1/06/21,54,55,C,N,N,21,5,0.49,0,0.37,0.12,0.003333333
1/06/21,54,55,C,N,N,24,6,6.21,5.19,0.74,0.29,0
8/06/21,55,56,C,N,N,2,1,21.85,13.44,0.4,8.01,0
8/06/21,55,56,C,N,N,7,2,1.5,0.16,1.14,0.2,0
8/06/21,55,56,C,N,N,13,3,4.99,4.27,0.33,0.39,0
8/06/21,55,56,C,N,N,17,4,35.46,35.46,0,0,0
8/06/21,55,56,C,N,N,21,5,0.63,0,0.3,0.32,0.003333333
8/06/21,55,56,C,N,N,24,6,6.76,6.24,0.34,0.17,0
15/06/21,56,57,C,N,N,2,1,35.5,21.62,2.22,11.65,0
15/06/21,56,57,C,N,N,7,2,7.02,1.98,4.72,0.32,0
15/06/21,56,57,C,N,N,13,3,5.6,4,0.71,0.88,0.006666667
15/06/21,56,57,C,N,N,17,4,160.4,160.4,0,0,0
15/06/21,56,57,C,N,N,21,5,4.36,3.1,0.15,0.85,0.26
15/06/21,56,57,C,N,N,24,6,10.67,8.62,1.26,0.79,0
22/06/21,57,58,C,N,N,2,1,36.87,21.88,5.8,9.19,0
22/06/21,57,58,C,N,N,7,2,5.77,2.8,1.73,1.24,0
22/06/21,57,58,C,N,N,13,3,2.6,1.55,0.63,0.42,0
22/06/21,57,58,C,N,N,17,4,153,153,0,0,0
22/06/21,57,58,C,N,N,21,5,1.13,0,0.6,0.5,0.023333333
22/06/21,57,58,C,N,N,24,6,3.13,1.03,1.32,0.79,0
29/06/21,58,59,C,N,N,2,1,45.38,30.22,9.17,5.99,0
29/06/21,58,59,C,N,N,7,2,12.95,9.2,0.38,3.38,0
29/06/21,58,59,C,N,N,13,3,1.79,0.96,0.44,0.38,0
29/06/21,58,59,C,N,N,17,4,154.25,154.25,0,0,0
29/06/21,58,59,C,N,N,21,5,0.43,0,0.4,0,0.03
29/06/21,58,59,C,N,N,24,6,2.78,0.87,1.13,0.78,0.006666667
6/07/21,59,60,C,N,N,2,1,41.48,29.52,6.48,5.48,0
6/07/21,59,60,C,N,N,7,2,11.14,7.5,0,3.64,0
6/07/21,59,60,C,N,N,13,3,1.17,0.34,0.47,0.35,0
6/07/21,59,60,C,N,N,17,4,112.71,112.71,0,0,0
6/07/21,59,60,C,N,N,21,5,0.88,0,0.53,0.26,0.076666667
6/07/21,59,60,C,N,N,24,6,1.93,0,0.98,0.63,0.313333333
13/07/21,60,61,C,N,N,2,1,41.26,29.18,5.09,6.99,0
13/07/21,60,61,C,N,N,7,2,2.34,0.98,0.7,0.65,0
13/07/21,60,61,C,N,N,13,3,0.85,0.04,0.4,0.41,0
13/07/21,60,61,C,N,N,17,4,77.24,77.24,0,0,0
13/07/21,60,61,C,N,N,21,5,0.61,0,0.61,0,0
13/07/21,60,61,C,N,N,24,6,1.82,0,0.93,0.32,0.566666667
19/05/20,0,1,H,Y,N,15,1,14.55,14.52,0.03,0,0
19/05/20,0,1,H,Y,N,16,2,7.38,7.11,0,0.27,0
19/05/20,0,1,H,Y,N,20,3,10.84,10.62,0.22,0,0
19/05/20,0,1,H,Y,N,23,4,16.43,15.46,0.43,0.54,0
19/05/20,0,1,H,Y,N,26,5,7.91,7.82,0.1,0,0
19/05/20,0,1,H,Y,N,27,6,11.89,11.89,0,0,0
26/05/20,1,2,H,Y,N,15,1,14.24,14.1,0.14,0,0
26/05/20,1,2,H,Y,N,16,2,16.05,16.05,0,0,0
26/05/20,1,2,H,Y,N,20,3,14.16,13.16,0.38,0.62,0
26/05/20,1,2,H,Y,N,23,4,43.36,40.79,1.63,0.94,0
26/05/20,1,2,H,Y,N,26,5,18.32,17.9,0.36,0.06,0
26/05/20,1,2,H,Y,N,27,6,10.41,10.01,0.4,0,0
2/06/20,2,3,H,Y,N,15,1,9.87,3.12,6.75,0,0
2/06/20,2,3,H,Y,N,16,2,13.34,9.91,3.43,0,0
2/06/20,2,3,H,Y,N,20,3,16.93,9.1,7.83,0,0
2/06/20,2,3,H,Y,N,23,4,33.33,16.56,16.77,0,0
2/06/20,2,3,H,Y,N,26,5,10.92,5.6,5.32,0,0
2/06/20,2,3,H,Y,N,27,6,9.05,5.34,3.71,0,0
9/06/20,3,4,H,Y,N,15,1,13.19,9.7,3.48,0.02,0
9/06/20,3,4,H,Y,N,16,2,10.53,8.98,1.49,0.06,0
9/06/20,3,4,H,Y,N,20,3,10.99,8.78,1.34,0.87,0
9/06/20,3,4,H,Y,N,23,4,19.75,15.54,4.21,0,0
9/06/20,3,4,H,Y,N,26,5,11.34,8.68,2.43,0.23,0
9/06/20,3,4,H,Y,N,27,6,6.35,5.01,1.06,0.27,0
16/06/20,4,5,H,Y,N,15,1,10.8,4.61,6.03,0.17,0
16/06/20,4,5,H,Y,N,16,2,17.49,14.04,3.03,0.42,0
16/06/20,4,5,H,Y,N,20,3,18.28,14.77,2.68,0.83,0
16/06/20,4,5,H,Y,N,23,4,33.23,28.04,5.19,0,0
16/06/20,4,5,H,Y,N,26,5,13.85,9.01,4.69,0.14,0
16/06/20,4,5,H,Y,N,27,6,10.7,8.89,1.34,0.46,0
23/06/20,5,6,H,Y,N,15,1,6.39,3.06,2.49,0.84,0
23/06/20,5,6,H,Y,N,16,2,11.4,6.1,4.39,0.89,0
23/06/20,5,6,H,Y,N,20,3,6.66,3.49,2.23,0.94,0
23/06/20,5,6,H,Y,N,23,4,15.1,9.73,4.78,0.59,0
23/06/20,5,6,H,Y,N,26,5,8.8,3.42,4.72,0.66,0
23/06/20,5,6,H,Y,N,27,6,4.12,2.21,1.53,0.38,0
30/06/20,6,7,H,Y,N,15,1,6.61,1.98,3.48,1.15,0
30/06/20,6,7,H,Y,N,16,2,11.16,6.12,4.96,0.07,0
30/06/20,6,7,H,Y,N,20,3,5.31,1.8,2.43,1.08,0
30/06/20,6,7,H,Y,N,23,4,12.14,7.31,4.41,0.42,0
30/06/20,6,7,H,Y,N,26,5,11.38,3.3,7.84,0.24,0
30/06/20,6,7,H,Y,N,27,6,3.65,0.6,2.68,0.38,0
7/07/20,7,8,H,Y,N,15,1,5.02,2.04,2.23,0.75,0
7/07/20,7,8,H,Y,N,16,2,12.78,8.61,4.01,0.16,0
7/07/20,7,8,H,Y,N,20,3,9.52,7.03,2.05,0.43,0
7/07/20,7,8,H,Y,N,23,4,9.43,5.6,3.34,0.48,0
7/07/20,7,8,H,Y,N,26,5,7.06,2.94,3.66,0.45,0
7/07/20,7,8,H,Y,N,27,6,7.32,3.09,0.21,4.03,0
14/07/20,8,9,H,Y,N,15,1,3.36,1.32,0.96,1,0.08
14/07/20,8,9,H,Y,N,16,2,9.64,6.79,2.68,0.17,0
14/07/20,8,9,H,Y,N,20,3,3.36,1.37,1.74,0.25,0
14/07/20,8,9,H,Y,N,23,4,9.26,4.93,1.34,2.17,0.83
14/07/20,8,9,H,Y,N,26,5,5.61,2.18,2.43,0.99,0
14/07/20,8,9,H,Y,N,27,6,3.87,3,0.53,0.34,0
21/07/20,9,10,H,Y,N,15,1,2.88,1.6,0.91,0.37,0
21/07/20,9,10,H,Y,N,16,2,16.29,13,3.29,0,0
21/07/20,9,10,H,Y,N,20,3,3.4,1.7,1.36,0.33,0
21/07/20,9,10,H,Y,N,23,4,4.84,2.36,1.38,1,0.09
21/07/20,9,10,H,Y,N,26,5,7.46,3.66,2.67,1.13,0
21/07/20,9,10,H,Y,N,27,6,6.27,3.22,0.73,2.32,0
28/07/20,10,11,H,Y,N,15,1,2.25,0.98,0.84,0.43,0
28/07/20,10,11,H,Y,N,16,2,13.5,9.32,4.18,0,0
28/07/20,10,11,H,Y,N,20,3,1.87,0.18,0.87,0.78,0.05
28/07/20,10,11,H,Y,N,23,4,6.09,4.17,1.5,0.42,0
28/07/20,10,11,H,Y,N,26,5,7.95,4.04,3.01,0.9,0
28/07/20,10,11,H,Y,N,27,6,15.19,5.6,0.76,8.84,0
4/08/20,11,12,H,Y,N,15,1,6.2,5.15,0.59,0.46,0
4/08/20,11,12,H,Y,N,16,2,14.8,11.26,3.36,0.18,0
4/08/20,11,12,H,Y,N,20,3,1.45,0.77,0.44,0.24,0
4/08/20,11,12,H,Y,N,23,4,7.59,5.79,1.41,0.38,0
4/08/20,11,12,H,Y,N,26,5,9.43,5.76,1.54,2.14,0
4/08/20,11,12,H,Y,N,27,6,10.43,7.35,0.65,2.43,0
11/08/20,12,13,H,Y,N,15,1,20.16,15.92,3.91,0.33,0
11/08/20,12,13,H,Y,N,16,2,7.99,7.13,0.67,0.19,0
11/08/20,12,13,H,Y,N,20,3,3.84,2.21,1.23,0.39,0
11/08/20,12,13,H,Y,N,23,4,5.89,3.39,2.17,0.33,0
11/08/20,12,13,H,Y,N,26,5,5.18,3.41,1.67,0.1,0
11/08/20,12,13,H,Y,N,27,6,11.71,7.55,3.47,0.69,0
18/08/20,13,14,H,Y,N,15,1,8.67,7.52,0.84,0.3,0
18/08/20,13,14,H,Y,N,16,2,13.99,9.42,4.56,0,0
18/08/20,13,14,H,Y,N,20,3,4.12,2.6,1.21,0.3,0
18/08/20,13,14,H,Y,N,23,4,5.96,3.21,1.9,0.85,0
18/08/20,13,14,H,Y,N,26,5,4.99,3.23,1.57,0.2,0
18/08/20,13,14,H,Y,N,27,6,18.84,13.74,3.15,1.95,0
25/08/20,14,15,H,Y,N,15,1,8.27,6.85,1.42,0,0
25/08/20,14,15,H,Y,N,16,2,22.24,19.02,3.08,0.15,0
25/08/20,14,15,H,Y,N,20,3,5.48,3.06,2.21,0.21,0
25/08/20,14,15,H,Y,N,23,4,5.71,2.88,2.36,0.47,0
25/08/20,14,15,H,Y,N,26,5,8.63,5.24,1.47,1.92,0
25/08/20,14,15,H,Y,N,27,6,45.12,26.43,17.15,1.53,0
1/09/20,15,16,H,Y,N,15,1,6.35,4.63,1.72,0,0
1/09/20,15,16,H,Y,N,16,2,23.57,18.43,4.2,0.94,0
1/09/20,15,16,H,Y,N,20,3,7.07,4.21,2.72,0.15,0
1/09/20,15,16,H,Y,N,23,4,4.67,2.28,2.2,0.19,0
1/09/20,15,16,H,Y,N,26,5,10.69,8.09,2.35,0.26,0
1/09/20,15,16,H,Y,N,27,6,54.95,32.16,22.77,0.02,0
8/09/20,16,17,H,Y,N,15,1,4.59,2.69,1.71,0.19,0
8/09/20,16,17,H,Y,N,16,2,24.69,17.27,2.68,4.73,0
8/09/20,16,17,H,Y,N,20,3,3.83,1.03,2.42,0.39,0
8/09/20,16,17,H,Y,N,23,4,2.18,0,1.96,0.21,0
8/09/20,16,17,H,Y,N,26,5,10.9,7.03,3.56,0.31,0
8/09/20,16,17,H,Y,N,27,6,89.23,44.61,39.51,5.11,0
15/09/20,17,18,H,Y,N,15,1,4.2,2.99,1.16,0.05,0
15/09/20,17,18,H,Y,N,16,2,18.7,12.42,2.57,3.7,0
15/09/20,17,18,H,Y,N,20,3,4.23,1.4,1.84,0.72,0.26
15/09/20,17,18,H,Y,N,23,4,2.29,0,1.69,0.55,0.05
15/09/20,17,18,H,Y,N,26,5,9.25,6.25,2.17,0.84,0
15/09/20,17,18,H,Y,N,27,6,89.88,35.04,50.68,4.16,0
22/09/20,18,19,H,Y,N,15,1,10.09,8.08,1.69,0.32,0
22/09/20,18,19,H,Y,N,16,2,30.21,25.88,2.93,1.4,0
22/09/20,18,19,H,Y,N,20,3,4.03,1.16,1.51,0.76,0.6
22/09/20,18,19,H,Y,N,23,4,10.55,7.78,2.45,0.33,0
22/09/20,18,19,H,Y,N,26,5,1.78,0,1.33,0.09,0.35
22/09/20,18,19,H,Y,N,27,6,114.35,35.79,78.55,0,0
29/09/20,19,20,H,Y,N,15,1,5.97,3.83,1.85,0.28,0
29/09/20,19,20,H,Y,N,16,2,33.27,28.97,2.57,1.73,0
29/09/20,19,20,H,Y,N,20,3,6.52,2.78,1.12,0.49,2.13
29/09/20,19,20,H,Y,N,23,4,1.11,0,0.84,0.17,0.1
29/09/20,19,20,H,Y,N,26,5,7.38,3.98,2.23,1.17,0
29/09/20,19,20,H,Y,N,27,6,117.07,22.19,94.87,0,0
6/10/20,20,21,H,Y,N,15,1,5.83,2.5,2.11,1.21,0
6/10/20,20,21,H,Y,N,16,2,38.48,34.48,2.26,1.74,0
6/10/20,20,21,H,Y,N,20,3,3.66,0,1.67,0.61,1.37
6/10/20,20,21,H,Y,N,23,4,2.61,0.05,0.84,1.42,0.3
6/10/20,20,21,H,Y,N,26,5,5.57,2.74,2.25,0.57,0
6/10/20,20,21,H,Y,N,27,6,159.03,25.42,133.62,0,0
13/10/20,21,22,H,Y,N,15,1,4.92,3.43,1.26,0.23,0
13/10/20,21,22,H,Y,N,16,2,37.58,36.15,1.15,0.27,0
13/10/20,21,22,H,Y,N,20,3,0.86,0,0.66,0,0.2
13/10/20,21,22,H,Y,N,23,4,1.1,0,0.52,0.43,0.15
13/10/20,21,22,H,Y,N,26,5,4.44,2.47,1.83,0.13,0
13/10/20,21,22,H,Y,N,27,6,132.93,20.25,112.68,0,0
20/10/20,22,23,H,Y,N,15,1,6.92,5.64,0.65,0.22,0.42
20/10/20,22,23,H,Y,N,16,2,31.66,30.24,1.13,0.29,0
20/10/20,22,23,H,Y,N,20,3,1.09,0.17,0.45,0.27,0.2
20/10/20,22,23,H,Y,N,23,4,1.72,0.44,0.29,0.71,0.27
20/10/20,22,23,H,Y,N,26,5,4.24,2.98,1.13,0.13,0
20/10/20,22,23,H,Y,N,27,6,114.8,18.09,96.71,0,0
27/10/20,23,24,H,Y,N,15,1,7.01,3.71,1.32,1.04,0.94
27/10/20,23,24,H,Y,N,16,2,31.16,28.8,1.1,1.26,0
27/10/20,23,24,H,Y,N,20,3,1.39,0,0.54,0.39,0.45
27/10/20,23,24,H,Y,N,23,4,2.13,0,0.7,0.66,0.76
27/10/20,23,24,H,Y,N,26,5,7.26,4.87,1.92,0.47,0
27/10/20,23,24,H,Y,N,27,6,140.76,31.86,108.9,0,0
3/11/20,24,25,H,Y,N,15,1,10.1,4.29,1.84,1.17,2.8
3/11/20,24,25,H,Y,N,16,2,18.94,15.59,0.73,2.62,0
3/11/20,24,25,H,Y,N,20,3,2.94,0,0.62,1.18,1.13
3/11/20,24,25,H,Y,N,23,4,0.91,0,0.68,0,0.23
3/11/20,24,25,H,Y,N,26,5,10.25,5.99,2.72,1.55,0
3/11/20,24,25,H,Y,N,27,6,160.28,38.78,121.5,0,0
10/11/20,25,26,H,Y,N,15,1,7.48,0.98,2.49,0.83,3.18
10/11/20,25,26,H,Y,N,16,2,11.43,9.71,0.83,0.89,0
10/11/20,25,26,H,Y,N,20,3,0.94,0,0.8,0,0.13
10/11/20,25,26,H,Y,N,23,4,1.28,0,0.67,0,0.61
10/11/20,25,26,H,Y,N,26,5,13.01,7.55,3.83,1.62,0
10/11/20,25,26,H,Y,N,27,6,176.69,47.03,129.66,0,0
17/11/20,26,27,H,Y,N,15,1,5.79,0,2.17,0.42,3.2
17/11/20,26,27,H,Y,N,16,2,11.46,9.98,0.66,0.82,0
17/11/20,26,27,H,Y,N,20,3,0.89,0,0.58,0.01,0.3
17/11/20,26,27,H,Y,N,23,4,1.3,0,0.71,0.03,0.56
17/11/20,26,27,H,Y,N,26,5,20.13,13.26,5.86,1,0
17/11/20,26,27,H,Y,N,27,6,196.99,50.73,146.26,0,0
24/11/20,27,28,H,Y,N,15,1,5.4,0.06,1.73,0.63,2.99
24/11/20,27,28,H,Y,N,16,2,12.09,10.86,0.44,0.79,0
24/11/20,27,28,H,Y,N,20,3,0.74,0,0.63,0,0.1
24/11/20,27,28,H,Y,N,23,4,1.05,0,0.87,0,0.18
24/11/20,27,28,H,Y,N,26,5,20.25,10.58,8.83,0.85,0
24/11/20,27,28,H,Y,N,27,6,203.4,58.1,145.3,0,0
1/12/20,28,29,H,Y,N,15,1,4.61,0,1.56,0.25,2.803333333
1/12/20,28,29,H,Y,N,16,2,11.94,11.07,0.43,0.45,0
1/12/20,28,29,H,Y,N,20,3,0.76,0,0.71,0,0.053333333
1/12/20,28,29,H,Y,N,23,4,0.96,0,0.96,0,0
1/12/20,28,29,H,Y,N,26,5,20.96,9.99,9.92,1.04,0
1/12/20,28,29,H,Y,N,27,6,188.66,51.2,137.46,0,0
8/12/20,29,30,H,Y,N,15,1,11.3,4.8,2.69,1.56,2.25
8/12/20,29,30,H,Y,N,16,2,25.96,21.05,1.45,3.46,0
8/12/20,29,30,H,Y,N,20,3,0.96,0,0.82,0,0.14
8/12/20,29,30,H,Y,N,23,4,1.15,0,1.15,0,0
8/12/20,29,30,H,Y,N,26,5,28.03,11.21,15.95,0.87,0
8/12/20,29,30,H,Y,N,27,6,230.57,83.31,147.26,0,0
15/12/20,30,31,H,Y,N,15,1,1.87,0,1.59,0,0.273333333
15/12/20,30,31,H,Y,N,16,2,13.52,12.02,0.28,1.22,0
15/12/20,30,31,H,Y,N,20,3,0.77,0,0.77,0,0
15/12/20,30,31,H,Y,N,23,4,1.23,0,1.23,0,0
15/12/20,30,31,H,Y,N,26,5,22.12,7.15,14.32,0.65,0
15/12/20,30,31,H,Y,N,27,6,191.44,59.17,132.27,0,0
22/12/20,31,32,H,Y,N,15,1,1.21,0,1.21,0,0
22/12/20,31,32,H,Y,N,16,2,19.13,16.28,0,2.84,0
22/12/20,31,32,H,Y,N,20,3,0.73,0,0.73,0,0
22/12/20,31,32,H,Y,N,23,4,0.91,0,0.91,0,0
22/12/20,31,32,H,Y,N,26,5,22.71,7.23,15.1,0.37,0
22/12/20,31,32,H,Y,N,27,6,180.85,66.95,113.9,0,0
29/12/20,32,33,H,Y,N,15,1,0.75,0,0.75,0,0
29/12/20,32,33,H,Y,N,16,2,25.65,23.59,0,2.06,0
29/12/20,32,33,H,Y,N,20,3,0.53,0,0.53,0,0
29/12/20,32,33,H,Y,N,23,4,0.76,0,0.76,0,0
29/12/20,32,33,H,Y,N,26,5,22.62,8.12,14.19,0.3,0
29/12/20,32,33,H,Y,N,27,6,109.11,17.5,91.61,0,0
5/01/21,33,34,H,Y,N,15,1,0.7,0,0.69,0,0.003333333
5/01/21,33,34,H,Y,N,16,2,38.9,38.9,0,0,0
5/01/21,33,34,H,Y,N,20,3,0.6,0,0.6,0,0
5/01/21,33,34,H,Y,N,23,4,0.79,0,0.76,0,0.033333333
5/01/21,33,34,H,Y,N,26,5,23.72,9.21,14.22,0.29,0
5/01/21,33,34,H,Y,N,27,6,64.45,1.86,62.58,0,0
12/01/21,34,35,H,Y,N,15,1,0.92,0,0.66,0,0.26
12/01/21,34,35,H,Y,N,16,2,41.97,41.97,0,0,0
12/01/21,34,35,H,Y,N,20,3,0.83,0,0.62,0,0.2
12/01/21,34,35,H,Y,N,23,4,1.36,0,0.73,0.33,0.3
12/01/21,34,35,H,Y,N,26,5,29.03,14.16,14.24,0.62,0
12/01/21,34,35,H,Y,N,27,6,39.16,6.89,32.27,0,0
26/01/21,36,37,H,Y,N,15,1,1.03,0,0.94,0,0.093333333
26/01/21,36,37,H,Y,N,16,2,50.45,50.45,0,0,0
26/01/21,36,37,H,Y,N,20,3,1.5,0,0.41,0.38,0.706666667
26/01/21,36,37,H,Y,N,23,4,4.38,1.99,0.79,1.11,0.5
26/01/21,36,37,H,Y,N,26,5,40.54,18.59,21.32,0.64,0
26/01/21,36,37,H,Y,N,27,6,29.42,23.07,6.06,0.29,0
23/02/21,40,41,H,Y,N,15,1,0.72,0.21,0.34,0.16,0
23/02/21,40,41,H,Y,N,16,2,8.51,8.39,0.12,0,0
23/02/21,40,41,H,Y,N,20,3,2.48,1.27,0.23,0.7,0.276666667
23/02/21,40,41,H,Y,N,23,4,6.57,6.05,0.12,0.39,0
23/02/21,40,41,H,Y,N,26,5,20.44,7.71,12.19,0.54,0
23/02/21,40,41,H,Y,N,27,6,3.17,1.94,1.2,0.03,0
2/03/21,41,42,H,Y,N,15,1,5.61,4.42,0.65,0.5,0.053333333
2/03/21,41,42,H,Y,N,16,2,12.8,11.07,0.84,0.88,0.006666667
2/03/21,41,42,H,Y,N,20,3,2.22,1.43,0.35,0.3,0.14
2/03/21,41,42,H,Y,N,23,4,8.07,7.37,0.34,0.36,0
2/03/21,41,42,H,Y,N,26,5,17.56,7.92,8.84,0.8,0
2/03/21,41,42,H,Y,N,27,6,12.66,7.43,2.57,2.66,0
10/03/21,42,43,H,Y,N,15,1,2.76,2.38,0.03,0.35,0
10/03/21,42,43,H,Y,N,16,2,9.03,7.87,0,1.16,0
10/03/21,42,43,H,Y,N,20,3,4.52,3.31,0,0.75,0.463333333
10/03/21,42,43,H,Y,N,23,4,6.98,6.98,0,0,0
10/03/21,42,43,H,Y,N,26,5,19.96,10.09,8.13,1.74,0
10/03/21,42,43,H,Y,N,27,6,5.49,3.73,1.61,0.15,0
16/03/21,43,44,H,Y,N,15,1,1.14,0.67,0.22,0.24,0
16/03/21,43,44,H,Y,N,16,2,17.04,14.19,0,2.85,0
16/03/21,43,44,H,Y,N,20,3,5.67,4,0,1.23,0.45
16/03/21,43,44,H,Y,N,23,4,8.04,8.04,0,0,0
16/03/21,43,44,H,Y,N,26,5,23.4,11.95,8.96,2.49,0
16/03/21,43,44,H,Y,N,27,6,9.62,6.54,2.64,0.46,0
23/03/21,44,45,H,Y,N,15,1,0.4,0.07,0.25,0.08,0
23/03/21,44,45,H,Y,N,16,2,7.53,6.74,0,0.8,0
23/03/21,44,45,H,Y,N,20,3,0.74,0.36,0.24,0.14,0
23/03/21,44,45,H,Y,N,23,4,5.88,5.58,0.02,0.27,0
23/03/21,44,45,H,Y,N,26,5,24.52,13.28,8.98,2.27,0
23/03/21,44,45,H,Y,N,27,6,19.12,14.33,3.85,0.93,0
30/03/21,45,46,H,Y,N,15,1,0.99,0.22,0.46,0.31,0
30/03/21,45,46,H,Y,N,16,2,17.55,15.93,0.26,1.34,0.01
30/03/21,45,46,H,Y,N,20,3,0.75,0,0.5,0.12,0.133333333
30/03/21,45,46,H,Y,N,23,4,5.43,4.55,0.48,0.4,0
30/03/21,45,46,H,Y,N,26,5,39.34,14.04,24.9,0.4,0
30/03/21,45,46,H,Y,N,27,6,69.64,37.74,28.7,3.19,0
6/04/21,46,47,H,Y,N,15,1,0.43,0,0.33,0.1,0
6/04/21,46,47,H,Y,N,16,2,10.65,9.11,0.64,0.9,0
6/04/21,46,47,H,Y,N,20,3,0.56,0,0.44,0.12,0
6/04/21,46,47,H,Y,N,23,4,7.78,7.63,0.16,0,0
6/04/21,46,47,H,Y,N,26,5,28.89,10.24,18.41,0.24,0
6/04/21,46,47,H,Y,N,27,6,71.5,31.51,37.94,2.05,0
13/04/21,47,48,H,Y,N,15,1,0.58,0.24,0.27,0.08,0
13/04/21,47,48,H,Y,N,16,2,11.45,9.66,0.36,1.43,0
13/04/21,47,48,H,Y,N,20,3,0.63,0.23,0.27,0.14,0
13/04/21,47,48,H,Y,N,23,4,14.31,14.31,0,0,0
13/04/21,47,48,H,Y,N,26,5,27.25,11,13.24,3.01,0
13/04/21,47,48,H,Y,N,27,6,52.97,18.79,33.03,1.16,0
20/04/21,48,49,H,Y,N,15,1,1.13,0.63,0.29,0.21,0
20/04/21,48,49,H,Y,N,16,2,11.16,10.25,0.31,0.61,0
20/04/21,48,49,H,Y,N,20,3,1.38,0.84,0.32,0.22,0
20/04/21,48,49,H,Y,N,23,4,26.31,26.31,0,0,0
20/04/21,48,49,H,Y,N,26,5,26.93,14.12,11.21,1.59,0
20/04/21,48,49,H,Y,N,27,6,52.52,14.8,37.71,0,0
27/04/21,49,50,H,Y,N,15,1,1.03,0.74,0.17,0.12,0
27/04/21,49,50,H,Y,N,16,2,11.13,9.7,0.99,0.44,0
27/04/21,49,50,H,Y,N,20,3,0.94,0.64,0.2,0.11,0
27/04/21,49,50,H,Y,N,23,4,36.11,34.61,0,1.5,0
27/04/21,49,50,H,Y,N,26,5,23.31,13.22,10.03,0.07,0
27/04/21,49,50,H,Y,N,27,6,50.17,12.35,37.06,0.76,0
4/05/21,50,51,H,Y,N,15,1,1.06,0.61,0.2,0.25,0
4/05/21,50,51,H,Y,N,16,2,4.93,3.69,1.01,0.23,0
4/05/21,50,51,H,Y,N,20,3,1.98,1.3,0.3,0.36,0.013333333
4/05/21,50,51,H,Y,N,23,4,22.44,21.08,0,1.36,0
4/05/21,50,51,H,Y,N,26,5,35.2,25.34,9.3,0.57,0
4/05/21,50,51,H,Y,N,27,6,59.81,14.44,43.92,1.45,0
11/05/21,51,52,H,Y,N,15,1,1.24,0.8,0.11,0.29,0.03
11/05/21,51,52,H,Y,N,16,2,4.48,3.07,0.86,0.37,0.176666667
11/05/21,51,52,H,Y,N,20,3,0.72,0.4,0.16,0.16,0
11/05/21,51,52,H,Y,N,23,4,6.38,6.13,0.25,0,0
11/05/21,51,52,H,Y,N,26,5,29.41,13.62,13.19,2.6,0
11/05/21,51,52,H,Y,N,27,6,42.76,13.29,25.1,4.36,0
18/05/21,52,53,H,Y,N,15,1,3.4,2.3,0,0.75,0.343333333
18/05/21,52,53,H,Y,N,16,2,7.87,4.63,1.1,2.08,0.06
18/05/21,52,53,H,Y,N,20,3,1.22,0.14,0.42,0.51,0.143333333
18/05/21,52,53,H,Y,N,23,4,4.11,3.12,0.41,0.58,0
18/05/21,52,53,H,Y,N,26,5,24.65,11.84,9.98,2.84,0
18/05/21,52,53,H,Y,N,27,6,35,2.35,30.49,2.16,0
25/05/21,53,54,H,Y,N,15,1,4.16,2.81,0,0.98,0.363333333
25/05/21,53,54,H,Y,N,16,2,6.24,4.48,1.07,0.68,0
25/05/21,53,54,H,Y,N,20,3,1.77,0.66,0.41,0.51,0.183333333
25/05/21,53,54,H,Y,N,23,4,2.82,1.84,0.29,0.54,0.156666667
25/05/21,53,54,H,Y,N,26,5,24.06,16.28,6.32,1.46,0
25/05/21,53,54,H,Y,N,27,6,20.97,0,20.87,0.09,0
1/06/21,54,55,H,Y,N,15,1,9.28,6.95,0,2.17,0.156666667
1/06/21,54,55,H,Y,N,16,2,9.78,6.04,1.78,1.95,0.016666667
1/06/21,54,55,H,Y,N,20,3,1.79,0.45,0.29,0.75,0.3
1/06/21,54,55,H,Y,N,23,4,9.44,7.14,0,1.7,0.6
1/06/21,54,55,H,Y,N,26,5,31.01,24.05,6.49,0.46,0
1/06/21,54,55,H,Y,N,27,6,31.98,1.34,30.01,0.63,0
8/06/21,55,56,H,Y,N,15,1,1.64,1.01,0.09,0.46,0.083333333
8/06/21,55,56,H,Y,N,16,2,8.98,5.79,1.31,1.56,0.316666667
8/06/21,55,56,H,Y,N,20,3,1.85,0.28,0.32,0.93,0.323333333
8/06/21,55,56,H,Y,N,23,4,1,0.65,0.19,0.16,0
8/06/21,55,56,H,Y,N,26,5,40.78,31.47,9.3,0,0
8/06/21,55,56,H,Y,N,27,6,29.18,0.53,28.24,0.4,0
15/06/21,56,57,H,Y,N,15,1,0.82,0.57,0.18,0.06,0
15/06/21,56,57,H,Y,N,16,2,10.26,6.04,1.77,2.45,0
15/06/21,56,57,H,Y,N,20,3,1.06,0.2,0.68,0.18,0
15/06/21,56,57,H,Y,N,23,4,5.98,5.29,0.48,0.19,0
15/06/21,56,57,H,Y,N,26,5,67.77,55.57,12.2,0,0
15/06/21,56,57,H,Y,N,27,6,72.52,36.7,35.82,0,0
22/06/21,57,58,H,Y,N,15,1,0.32,0.03,0.24,0.05,0
22/06/21,57,58,H,Y,N,16,2,4.6,1.51,1.79,1.01,0.3
22/06/21,57,58,H,Y,N,20,3,2.65,0.79,1.22,0.64,0
22/06/21,57,58,H,Y,N,23,4,90.65,90.65,0,0,0
22/06/21,57,58,H,Y,N,26,5,32.34,12.79,19.55,0,0
22/06/21,57,58,H,Y,N,27,6,45.63,23.64,21.96,0.02,0
29/06/21,58,59,H,Y,N,15,1,0.94,0.59,0.27,0.09,0
29/06/21,58,59,H,Y,N,16,2,5.95,2.66,1.63,0.93,0.733333333
29/06/21,58,59,H,Y,N,20,3,1.43,0.16,0.61,0.55,0.106666667
29/06/21,58,59,H,Y,N,23,4,32.28,32.28,0,0,0
29/06/21,58,59,H,Y,N,26,5,27.92,13.91,14.01,0,0
29/06/21,58,59,H,Y,N,27,6,58.52,36.56,21.96,0,0
6/07/21,59,60,H,Y,N,15,1,7.85,7.48,0.1,0.26,0
6/07/21,59,60,H,Y,N,16,2,5.61,1.4,2.54,1.11,0.566666667
6/07/21,59,60,H,Y,N,20,3,2.21,0.49,0.87,0.65,0.193333333
6/07/21,59,60,H,Y,N,23,4,31.5,31.5,0,0,0
6/07/21,59,60,H,Y,N,26,5,25.53,11.96,13.56,0,0
6/07/21,59,60,H,Y,N,27,6,40.97,27.2,13.06,0.72,0
13/07/21,60,61,H,Y,N,15,1,2.23,1.43,0.56,0.24,0
13/07/21,60,61,H,Y,N,16,2,9.52,3.73,4.33,1.45,0
13/07/21,60,61,H,Y,N,20,3,4.83,3.16,0.29,0.13,1.25
13/07/21,60,61,H,Y,N,23,4,32.43,32.43,0,0,0
13/07/21,60,61,H,Y,N,26,5,25.7,12.18,13.05,0.48,0
13/07/21,60,61,H,Y,N,27,6,46.91,34.35,12.02,0.54,0
19/05/20,0,1,HI,Y,Y,3,1,9.68,8.38,1.3,0,0
19/05/20,0,1,HI,Y,Y,4,2,30.75,30.7,0.05,0,0
19/05/20,0,1,HI,Y,Y,6,3,11.55,11.42,0.13,0,0
19/05/20,0,1,HI,Y,Y,8,4,6.19,6.19,0,0,0
19/05/20,0,1,HI,Y,Y,10,5,4.84,4.72,0.13,0,0
19/05/20,0,1,HI,Y,Y,11,6,5.38,5.38,0,0,0
26/05/20,1,2,HI,Y,Y,3,1,15.45,15.13,0.32,0,0
26/05/20,1,2,HI,Y,Y,4,2,18.46,17.05,1.4,0,0
26/05/20,1,2,HI,Y,Y,6,3,9.95,9.27,0.69,0,0
26/05/20,1,2,HI,Y,Y,8,4,9,9,0,0,0
26/05/20,1,2,HI,Y,Y,10,5,23.26,23.1,0.16,0,0
26/05/20,1,2,HI,Y,Y,11,6,11.34,11.34,0,0,0
2/06/20,2,3,HI,Y,Y,3,1,14.29,5.27,9.02,0,0
3/06/20,2,3,HI,Y,Y,4,2,12.18,7.75,4.27,0.16,0
3/06/20,2,3,HI,Y,Y,6,3,10.97,7.94,2.82,0.21,0
3/06/20,2,3,HI,Y,Y,8,4,8.18,7.97,0.2,0,0
3/06/20,2,3,HI,Y,Y,10,5,8.77,3.78,4.61,0.38,0
3/06/20,2,3,HI,Y,Y,11,6,23.33,23.16,0.17,0,0
9/06/20,3,4,HI,Y,Y,3,1,7.85,5.59,2.12,0.14,0
9/06/20,3,4,HI,Y,Y,4,2,12.91,8.51,3.5,0.9,0
9/06/20,3,4,HI,Y,Y,6,3,10.99,7.06,2.92,1.01,0
9/06/20,3,4,HI,Y,Y,8,4,11.14,10.17,0.37,0.61,0
9/06/20,3,4,HI,Y,Y,10,5,12.02,7.96,3.76,0.3,0
9/06/20,3,4,HI,Y,Y,11,6,21.58,20.94,0.44,0.2,0
16/06/20,4,5,HI,Y,Y,3,1,11.89,9.21,2.42,0.25,0
16/06/20,4,5,HI,Y,Y,4,2,6.01,2.28,3.39,0.33,0
16/06/20,4,5,HI,Y,Y,6,3,12.11,4.55,7.56,0,0
16/06/20,4,5,HI,Y,Y,8,4,8.87,7.54,1.12,0.21,0
16/06/20,4,5,HI,Y,Y,10,5,4.62,2.97,1.01,0.64,0
16/06/20,4,5,HI,Y,Y,11,6,13.35,11.93,0.91,0.5,0
23/06/20,5,6,HI,Y,Y,3,1,3.29,0.66,1.74,0.9,0
23/06/20,5,6,HI,Y,Y,4,2,10.58,7.91,2.24,0.43,0
23/06/20,5,6,HI,Y,Y,6,3,9.8,4.38,5.41,0.01,0
23/06/20,5,6,HI,Y,Y,8,4,9.55,6.44,2.91,0.2,0
23/06/20,5,6,HI,Y,Y,10,5,2.21,0.64,1.09,0.47,0
23/06/20,5,6,HI,Y,Y,11,6,20.5,18.89,0.93,0.67,0
30/06/20,6,7,HI,Y,Y,3,1,3.04,0,1.28,1.5,0.26
30/06/20,6,7,HI,Y,Y,4,2,10.75,7.11,2.61,1.03,0
30/06/20,6,7,HI,Y,Y,6,3,7.88,4.03,3.84,0,0
30/06/20,6,7,HI,Y,Y,8,4,7.76,5.97,1.63,0.16,0
30/06/20,6,7,HI,Y,Y,10,5,1.34,0,1,0.27,0.07
30/06/20,6,7,HI,Y,Y,11,6,45.95,45.78,0.17,0,0
7/07/20,7,8,HI,Y,Y,3,1,6.56,4.2,1.03,1.17,0.16
7/07/20,7,8,HI,Y,Y,4,2,13.5,9.01,2.16,2.33,0
7/07/20,7,8,HI,Y,Y,6,3,13.3,10.92,2.32,0.06,0
7/07/20,7,8,HI,Y,Y,8,4,11.14,9.09,1.21,0.84,0
7/07/20,7,8,HI,Y,Y,10,5,1.95,0.78,0.68,0.49,0
7/07/20,7,8,HI,Y,Y,11,6,41.53,41.53,0,0,0
14/07/20,8,9,HI,Y,Y,3,1,7.62,5.07,0.79,1.34,0.43
14/07/20,8,9,HI,Y,Y,4,2,14.62,10.94,2.13,1.55,0
14/07/20,8,9,HI,Y,Y,6,3,8.06,5.69,1.82,0.55,0
14/07/20,8,9,HI,Y,Y,8,4,9.2,6.83,0.79,1.39,0.18
14/07/20,8,9,HI,Y,Y,10,5,2.71,1.2,0.67,0.68,0.17
14/07/20,8,9,HI,Y,Y,11,6,28.03,27.77,0.24,0.02,0
21/07/20,9,10,HI,Y,Y,3,1,13.44,11.97,0.99,0.48,0
21/07/20,9,10,HI,Y,Y,4,2,12.07,7.62,4.42,0.03,0
21/07/20,9,10,HI,Y,Y,6,3,8.75,6.26,1.9,0.59,0
21/07/20,9,10,HI,Y,Y,8,4,8.76,6.97,1.25,0.54,0
21/07/20,9,10,HI,Y,Y,10,5,3.59,2.53,0.6,0.44,0.03
21/07/20,9,10,HI,Y,Y,11,6,20.16,18.87,0.69,0.6,0
28/07/20,10,11,HI,Y,Y,3,1,6.73,4.95,1.46,0.32,0
28/07/20,10,11,HI,Y,Y,4,2,13.8,8.05,4.84,0.91,0
28/07/20,10,11,HI,Y,Y,6,3,10.7,7.83,1.24,1.62,0
28/07/20,10,11,HI,Y,Y,8,4,6.83,4.78,1.61,0.45,0
28/07/20,10,11,HI,Y,Y,10,5,2.56,0.88,0.65,0.8,0.22
28/07/20,10,11,HI,Y,Y,11,6,21.17,19.15,1.07,0.95,0
4/08/20,11,12,HI,Y,Y,3,1,9.02,7.53,1.14,0.35,0
4/08/20,11,12,HI,Y,Y,4,2,11.57,8.45,2.14,0.98,0
4/08/20,11,12,HI,Y,Y,6,3,9.93,7.98,0.12,1.83,0
4/08/20,11,12,HI,Y,Y,8,4,5.4,3.49,1.72,0.19,0
4/08/20,11,12,HI,Y,Y,10,5,1.67,1.15,0.41,0.11,0
4/08/20,11,12,HI,Y,Y,11,6,21.35,19.92,0.61,0.83,0
11/08/20,12,13,HI,Y,Y,3,1,16.04,13.99,1.87,0.18,0
11/08/20,12,13,HI,Y,Y,4,2,8,5.33,2.02,0.65,0
11/08/20,12,13,HI,Y,Y,6,3,3.72,1.93,1.79,0,0
11/08/20,12,13,HI,Y,Y,8,4,4.65,1.6,3.03,0.02,0
11/08/20,12,13,HI,Y,Y,10,5,2,0.78,0.68,0.52,0.01
11/08/20,12,13,HI,Y,Y,11,6,23.17,21.67,1.37,0.13,0
18/08/20,13,14,HI,Y,Y,3,1,20.22,18.12,2.1,0,0
18/08/20,13,14,HI,Y,Y,4,2,6.4,3.72,0.87,1.34,0.47
18/08/20,13,14,HI,Y,Y,6,3,6.55,3.46,2.66,0.43,0
18/08/20,13,14,HI,Y,Y,8,4,3.98,1.77,1.86,0.35,0
18/08/20,13,14,HI,Y,Y,10,5,1.97,0.92,0.94,0.12,0
18/08/20,13,14,HI,Y,Y,11,6,33.13,32.72,0.41,0,0
25/08/20,14,15,HI,Y,Y,3,1,21.08,9.07,7.02,5,0
25/08/20,14,15,HI,Y,Y,4,2,11.22,7.93,1.09,2.2,0
25/08/20,14,15,HI,Y,Y,6,3,7.55,5.88,1.67,0,0
25/08/20,14,15,HI,Y,Y,8,4,3.16,1.44,1.17,0.56,0
25/08/20,14,15,HI,Y,Y,10,5,4.18,2.22,1.67,0.29,0
25/08/20,14,15,HI,Y,Y,11,6,40.86,40.72,0.15,0,0
1/09/20,15,16,HI,Y,Y,3,1,10.72,8.28,2.44,0,0
1/09/20,15,16,HI,Y,Y,4,2,19.3,16.63,0.58,2.09,0
1/09/20,15,16,HI,Y,Y,6,3,5.74,3.96,1.78,0,0
1/09/20,15,16,HI,Y,Y,8,4,3.92,1.99,1.76,0.17,0
1/09/20,15,16,HI,Y,Y,10,5,6.97,4.99,1.9,0.07,0
1/09/20,15,16,HI,Y,Y,11,6,38.84,38.84,0,0,0
8/09/20,16,17,HI,Y,Y,3,1,17.61,15.7,1.9,0,0
8/09/20,16,17,HI,Y,Y,4,2,36.4,34.08,0.39,1.93,0
8/09/20,16,17,HI,Y,Y,6,3,9.35,7.85,0.57,0.94,0
8/09/20,16,17,HI,Y,Y,8,4,3.55,1.54,1.48,0.53,0
8/09/20,16,17,HI,Y,Y,10,5,5.07,3.6,1.37,0.11,0
8/09/20,16,17,HI,Y,Y,11,6,40.68,39.09,1.59,0,0
15/09/20,17,18,HI,Y,Y,3,1,11.43,9.06,1.9,0.46,0
15/09/20,17,18,HI,Y,Y,4,2,46.88,45.39,1.38,0.11,0
15/09/20,17,18,HI,Y,Y,6,3,11.94,10.51,0.92,0.51,0
15/09/20,17,18,HI,Y,Y,8,4,4.75,2.55,1.8,0.4,0
15/09/20,17,18,HI,Y,Y,10,5,2.98,1.52,1.16,0.29,0
15/09/20,17,18,HI,Y,Y,11,6,34.38,32.52,1.85,0,0
22/09/20,18,19,HI,Y,Y,3,1,14.99,12.11,2.08,0.79,0
22/09/20,18,19,HI,Y,Y,4,2,84.17,79.34,4.83,0,0
22/09/20,18,19,HI,Y,Y,6,3,24.5,21.46,2.36,0.68,0
22/09/20,18,19,HI,Y,Y,8,4,6.41,3.8,2.55,0.06,0
22/09/20,18,19,HI,Y,Y,10,5,4.02,1.87,1.77,0.37,0
22/09/20,18,19,HI,Y,Y,11,6,42.28,37.76,4.52,0,0
29/09/20,19,20,HI,Y,Y,3,1,11.35,7.92,2.33,1.1,0
29/09/20,19,20,HI,Y,Y,4,2,68.83,59.31,7.5,2.01,0
29/09/20,19,20,HI,Y,Y,6,3,27.47,21.52,4.32,1.63,0
29/09/20,19,20,HI,Y,Y,8,4,8.81,6.13,2.35,0.33,0
29/09/20,19,20,HI,Y,Y,10,5,4.24,1.92,1.77,0.55,0
29/09/20,19,20,HI,Y,Y,11,6,29.11,21.36,7.75,0,0
6/10/20,20,21,HI,Y,Y,3,1,14.36,7.72,5.59,1.06,0
6/10/20,20,21,HI,Y,Y,4,2,108.38,87.24,16.62,4.51,0
6/10/20,20,21,HI,Y,Y,6,3,31.38,26.04,2.8,2.54,0
6/10/20,20,21,HI,Y,Y,8,4,10.33,7.01,1.23,0.24,1.85
6/10/20,20,21,HI,Y,Y,10,5,5.66,1.97,1.9,1.11,0.68
6/10/20,20,21,HI,Y,Y,11,6,34.77,26.56,8.21,0,0
13/10/20,21,22,HI,Y,Y,3,1,10.56,6.1,4.2,0.26,0
13/10/20,21,22,HI,Y,Y,4,2,72.54,53.82,14.2,4.51,0
13/10/20,21,22,HI,Y,Y,6,3,26.69,23.15,2.69,0.85,0
13/10/20,21,22,HI,Y,Y,8,4,7.47,6.31,0.96,0,0.2
13/10/20,21,22,HI,Y,Y,10,5,3.26,1.4,1.47,0.33,0.06
13/10/20,21,22,HI,Y,Y,11,6,27.17,22.58,4.53,0.06,0
20/10/20,22,23,HI,Y,Y,3,1,11.7,7.16,2.57,0.96,1.01
20/10/20,22,23,HI,Y,Y,4,2,52.81,37.05,11.07,4.7,0
20/10/20,22,23,HI,Y,Y,6,3,27.29,24.43,2.2,0.66,0
20/10/20,22,23,HI,Y,Y,8,4,8.2,7.29,0.61,0,0.3
20/10/20,22,23,HI,Y,Y,10,5,3.84,2.54,0.64,0.04,0.63
20/10/20,22,23,HI,Y,Y,11,6,27.35,20.53,4.78,2.04,0
27/10/20,23,24,HI,Y,Y,3,1,12.99,7.2,2.87,1.93,0.98
27/10/20,23,24,HI,Y,Y,4,2,68.76,45.44,19.01,4.31,0
27/10/20,23,24,HI,Y,Y,6,3,20.71,15.14,4.41,1.17,0
27/10/20,23,24,HI,Y,Y,8,4,13.83,12.34,1.2,0,0.28
27/10/20,23,24,HI,Y,Y,10,5,6.99,4.48,0.86,0.2,1.45
27/10/20,23,24,HI,Y,Y,11,6,24.32,15.2,7.89,1.22,0
3/11/20,24,25,HI,Y,Y,3,1,12.51,4.15,4.41,2.05,1.9
3/11/20,24,25,HI,Y,Y,4,2,63.54,28.74,28.33,6.47,0
3/11/20,24,25,HI,Y,Y,6,3,27.12,14.58,9.71,2.84,0
3/11/20,24,25,HI,Y,Y,8,4,4.35,1.7,0.64,0,2
3/11/20,24,25,HI,Y,Y,10,5,11.86,6.72,0.6,0,4.55
3/11/20,24,25,HI,Y,Y,11,6,29.14,16.45,12.41,0.28,0
10/11/20,25,26,HI,Y,Y,3,1,12.35,4.25,6.64,1.42,0.04
10/11/20,25,26,HI,Y,Y,4,2,51.55,10.87,33.98,6.7,0
10/11/20,25,26,HI,Y,Y,6,3,27.71,10.35,15.26,2.11,0
10/11/20,25,26,HI,Y,Y,8,4,6.99,3.59,0.53,0.04,2.84
10/11/20,25,26,HI,Y,Y,10,5,7.15,2.97,0.82,0.39,2.97
10/11/20,25,26,HI,Y,Y,11,6,17.62,8.65,8.97,0,0
17/11/20,26,27,HI,Y,Y,3,1,12.88,5.46,5.8,1.12,0.5
17/11/20,26,27,HI,Y,Y,4,2,52.65,3.61,40,6.86,2.18
17/11/20,26,27,HI,Y,Y,6,3,51.95,3.78,43.41,3.86,0.91
17/11/20,26,27,HI,Y,Y,8,4,18.92,8.62,0.05,0,10.25
17/11/20,26,27,HI,Y,Y,10,5,5.63,2.05,0.74,0.2,2.65
17/11/20,26,27,HI,Y,Y,11,6,23.5,8.75,14.75,0,0
24/11/20,27,28,HI,Y,Y,3,1,12.35,7.58,3.89,0.68,0.2
24/11/20,27,28,HI,Y,Y,4,2,39.62,2.14,31.96,3.59,1.93
24/11/20,27,28,HI,Y,Y,6,3,35.18,0,26.39,0,8.78
24/11/20,27,28,HI,Y,Y,8,4,14.63,7.46,0.06,0,7.11
24/11/20,27,28,HI,Y,Y,10,5,1.39,0.2,0.92,0.28,0
24/11/20,27,28,HI,Y,Y,11,6,20.82,7.54,13.28,0,0
1/12/20,28,29,HI,Y,Y,3,1,13.27,9.85,2.98,0.38,0.066666667
1/12/20,28,29,HI,Y,Y,4,2,45.08,3.81,37.24,2.99,1.04
1/12/20,28,29,HI,Y,Y,6,3,38.75,0,28.54,0,10.21666667
1/12/20,28,29,HI,Y,Y,8,4,11.66,5.1,0.25,0,6.32
1/12/20,28,29,HI,Y,Y,10,5,2.23,1.22,0.78,0.24,0
1/12/20,28,29,HI,Y,Y,11,6,27.47,10.63,16.84,0,0
8/12/20,29,30,HI,Y,Y,3,1,14.89,12.65,2.18,0.07,0
8/12/20,29,30,HI,Y,Y,4,2,63.08,5.22,55.38,2.49,0
8/12/20,29,30,HI,Y,Y,6,3,38.38,0,30.04,0.1,8.24
8/12/20,29,30,HI,Y,Y,8,4,9,3.35,0.4,0.04,5.226666667
8/12/20,29,30,HI,Y,Y,10,5,3.65,2.84,0.71,0.09,0
8/12/20,29,30,HI,Y,Y,11,6,23.21,10.56,12.65,0,0
15/12/20,30,31,HI,Y,Y,3,1,11.79,10.15,1.63,0,0
15/12/20,30,31,HI,Y,Y,4,2,69.37,3.31,64.27,1.79,0
15/12/20,30,31,HI,Y,Y,6,3,65.57,0,57.77,0.69,7.106666667
15/12/20,30,31,HI,Y,Y,8,4,9.83,2.58,0.61,0.45,6.183333333
15/12/20,30,31,HI,Y,Y,10,5,3.12,2.31,0.74,0.08,0
15/12/20,30,31,HI,Y,Y,11,6,22.96,9.83,13.13,0,0
22/12/20,31,32,HI,Y,Y,3,1,12.66,11.31,1.35,0,0
22/12/20,31,32,HI,Y,Y,4,2,77.77,4.85,71.35,1.57,0
22/12/20,31,32,HI,Y,Y,6,3,52.61,0,47.69,0.92,3.993333333
22/12/20,31,32,HI,Y,Y,8,4,14.27,4.53,0.63,0.27,8.843333333
22/12/20,31,32,HI,Y,Y,10,5,4.05,3.5,0.51,0.03,0
22/12/20,31,32,HI,Y,Y,11,6,23.78,10.22,13.56,0,0
29/12/20,32,33,HI,Y,Y,3,1,15.02,14.21,0.82,0,0
29/12/20,32,33,HI,Y,Y,4,2,101.13,6.14,94.66,0.33,0
29/12/20,32,33,HI,Y,Y,6,3,57.52,0,52.98,2.47,2.073333333
29/12/20,32,33,HI,Y,Y,8,4,12.4,4.55,0.3,0.02,7.526666667
29/12/20,32,33,HI,Y,Y,10,5,1.73,1.2,0.39,0.14,0
29/12/20,32,33,HI,Y,Y,11,6,24.91,9.37,15.12,0.43,0
5/01/21,33,34,HI,Y,Y,3,1,17.67,17.25,0.42,0,0
5/01/21,33,34,HI,Y,Y,4,2,93.14,4.81,87.88,0.46,0
5/01/21,33,34,HI,Y,Y,6,3,57.04,0,53.2,3.62,0.223333333
5/01/21,33,34,HI,Y,Y,8,4,17.35,6.67,0.23,0,10.44666667
5/01/21,33,34,HI,Y,Y,10,5,2.12,1.49,0.36,0.26,0
5/01/21,33,34,HI,Y,Y,11,6,24.04,8.16,15.29,0.6,0
12/01/21,34,35,HI,Y,Y,3,1,18.48,17.19,0.41,0.66,0.223333333
12/01/21,34,35,HI,Y,Y,4,2,111.1,6.31,101.83,2.97,0
12/01/21,34,35,HI,Y,Y,6,3,52.22,0.55,48.92,2.74,0
12/01/21,34,35,HI,Y,Y,8,4,24.58,10.31,0.1,0,14.17
12/01/21,34,35,HI,Y,Y,10,5,2.36,1.55,0.39,0.42,0
12/01/21,34,35,HI,Y,Y,11,6,29.38,10.16,14.18,3.22,1.826666667
26/01/21,36,37,HI,Y,Y,3,1,12.39,9.29,0.64,1.28,1.193333333
26/01/21,36,37,HI,Y,Y,4,2,91.09,7.22,83.66,0.21,0
26/01/21,36,37,HI,Y,Y,6,3,50.13,5.32,43.78,1.01,0
26/01/21,36,37,HI,Y,Y,8,4,19.99,11.24,0.19,0,8.56
26/01/21,36,37,HI,Y,Y,10,5,3.08,2.45,0.56,0.07,0
26/01/21,36,37,HI,Y,Y,11,6,35.81,17.65,8.13,5.33,4.706666667
23/02/21,40,41,HI,Y,Y,3,1,12.91,11,0,1.74,0.166666667
23/02/21,40,41,HI,Y,Y,4,2,72.08,9.93,61.7,0.45,0
23/02/21,40,41,HI,Y,Y,6,3,13.94,3.63,7.21,3.1,0
23/02/21,40,41,HI,Y,Y,8,4,8.57,5.37,0,2,1.206666667
23/02/21,40,41,HI,Y,Y,10,5,1.21,0.9,0.21,0.1,0
23/02/21,40,41,HI,Y,Y,11,6,30.48,20.1,3.43,6.75,0.2
2/03/21,41,42,HI,Y,Y,3,1,15.22,12.85,0,2.27,0.106666667
2/03/21,41,42,HI,Y,Y,4,2,69.92,12.94,56.18,0.8,0
2/03/21,41,42,HI,Y,Y,6,3,19.48,7.32,6.29,5.86,0
2/03/21,41,42,HI,Y,Y,8,4,7.94,4.89,0.38,1.97,0.686666667
2/03/21,41,42,HI,Y,Y,10,5,8.75,8.16,0.35,0.24,0
2/03/21,41,42,HI,Y,Y,11,6,32.42,22.88,1.49,7.43,0.616666667
10/03/21,42,43,HI,Y,Y,3,1,15.98,14.79,0,1.19,0
10/03/21,42,43,HI,Y,Y,4,2,65.9,13.11,52.79,0,0
10/03/21,42,43,HI,Y,Y,6,3,23.34,8.49,4.41,10.45,0
10/03/21,42,43,HI,Y,Y,8,4,6.05,3.54,0.04,2.47,0
10/03/21,42,43,HI,Y,Y,10,5,4.17,3.7,0,0.47,0
10/03/21,42,43,HI,Y,Y,11,6,29.65,21.76,0,7.88,0.013333333
16/03/21,43,44,HI,Y,Y,3,1,16.2,15.57,0.23,0.41,0
16/03/21,43,44,HI,Y,Y,4,2,62.91,13.79,49.03,0.09,0
16/03/21,43,44,HI,Y,Y,6,3,27.48,11.73,3.34,12.42,0
16/03/21,43,44,HI,Y,Y,8,4,7.44,4.68,0,2.76,0
16/03/21,43,44,HI,Y,Y,10,5,11.25,8.62,0,2.63,0
16/03/21,43,44,HI,Y,Y,11,6,26.69,20.09,0,6.6,0
23/03/21,44,45,HI,Y,Y,3,1,17.87,17.37,0.5,0,0
23/03/21,44,45,HI,Y,Y,4,2,50.25,12.58,37.57,0.1,0
23/03/21,44,45,HI,Y,Y,6,3,24.04,11.21,0,12.83,0
23/03/21,44,45,HI,Y,Y,8,4,7.89,5.57,0,2.31,0
23/03/21,44,45,HI,Y,Y,10,5,9.91,7.09,0,2.81,0
23/03/21,44,45,HI,Y,Y,11,6,3.62,2.5,1.12,0,0
30/03/21,45,46,HI,Y,Y,3,1,40.56,39.48,1.08,0,0
30/03/21,45,46,HI,Y,Y,4,2,101.19,13.5,87.69,0,0
30/03/21,45,46,HI,Y,Y,6,3,24.02,14.32,3.23,6.46,0
30/03/21,45,46,HI,Y,Y,8,4,17.66,12.71,0,4.96,0
30/03/21,45,46,HI,Y,Y,10,5,1.64,0.75,0.37,0.52,0
30/03/21,45,46,HI,Y,Y,11,6,19.49,17.88,1.61,0,0
6/04/21,46,47,HI,Y,Y,3,1,47.48,47.47,0.01,0,0
6/04/21,46,47,HI,Y,Y,4,2,97.87,6.14,89.99,1.74,0
6/04/21,46,47,HI,Y,Y,6,3,16.34,12.81,1.79,1.75,0
6/04/21,46,47,HI,Y,Y,8,4,4.86,3.83,0.3,0.74,0
6/04/21,46,47,HI,Y,Y,10,5,1.92,1.34,0.25,0.32,0
6/04/21,46,47,HI,Y,Y,11,6,17.61,14.56,2.69,0.36,0
13/04/21,47,48,HI,Y,Y,3,1,20,11.69,0.11,8.2,0
13/04/21,47,48,HI,Y,Y,4,2,82.2,6.69,72.91,2.61,0
13/04/21,47,48,HI,Y,Y,6,3,13.85,10.8,1.06,1.99,0
13/04/21,47,48,HI,Y,Y,8,4,3.26,2.99,0.26,0,0
13/04/21,47,48,HI,Y,Y,10,5,1.55,1.32,0.15,0.08,0
13/04/21,47,48,HI,Y,Y,11,6,18.83,14.43,0,4.39,0
20/04/21,48,49,HI,Y,Y,3,1,18.79,16.39,0.01,2.39,0
20/04/21,48,49,HI,Y,Y,4,2,35.42,7.28,24.85,3.29,0
20/04/21,48,49,HI,Y,Y,6,3,20.67,16.65,0.97,3.05,0
20/04/21,48,49,HI,Y,Y,8,4,4.29,3.99,0.3,0,0
20/04/21,48,49,HI,Y,Y,10,5,1.45,1.17,0.18,0.1,0
20/04/21,48,49,HI,Y,Y,11,6,20.73,16.81,0,3.92,0
27/04/21,49,50,HI,Y,Y,3,1,17.65,16.7,0,0.95,0
27/04/21,49,50,HI,Y,Y,4,2,24.49,17.21,5.94,1.11,0.24
27/04/21,49,50,HI,Y,Y,6,3,15.96,13.18,1.88,0.91,0
27/04/21,49,50,HI,Y,Y,8,4,3.57,3.12,0.17,0.28,0
27/04/21,49,50,HI,Y,Y,10,5,3.38,2.81,0,0.57,0
27/04/21,49,50,HI,Y,Y,11,6,9.68,8.25,0,1.44,0
4/05/21,50,51,HI,Y,Y,3,1,11.79,10.63,0.16,1,0
4/05/21,50,51,HI,Y,Y,4,2,41.42,27.58,11.7,1.45,0.683333333
4/05/21,50,51,HI,Y,Y,6,3,23.23,19.54,3.46,0.24,0
4/05/21,50,51,HI,Y,Y,8,4,6.43,5.42,0.15,0.87,0
4/05/21,50,51,HI,Y,Y,10,5,11.06,9.03,0,2.03,0
4/05/21,50,51,HI,Y,Y,11,6,7.9,6.5,0.51,0.89,0
11/05/21,51,52,HI,Y,Y,3,1,4.72,3.92,0.67,0.13,0
11/05/21,51,52,HI,Y,Y,4,2,80.37,70.72,7.61,0.04,2
11/05/21,51,52,HI,Y,Y,6,3,27.67,23.21,4.46,0,0
11/05/21,51,52,HI,Y,Y,8,4,6.17,4.83,0.32,1.01,0.006666667
11/05/21,51,52,HI,Y,Y,10,5,8.29,6.85,0,1.45,0
11/05/21,51,52,HI,Y,Y,11,6,5.56,4.6,0.73,0.24,0
18/05/21,52,53,HI,Y,Y,3,1,4.73,2.99,0.84,0.64,0.26
18/05/21,52,53,HI,Y,Y,4,2,255.88,255.52,0.36,0,0
18/05/21,52,53,HI,Y,Y,6,3,25.69,21.91,3.07,0.71,0
18/05/21,52,53,HI,Y,Y,8,4,4.19,3.26,0.4,0.52,0
18/05/21,52,53,HI,Y,Y,10,5,3.37,2.74,0,0.63,0
18/05/21,52,53,HI,Y,Y,11,6,9.18,7.72,1.47,0,0
25/05/21,53,54,HI,Y,Y,3,1,2.72,1.88,0.51,0.08,0.253333333
25/05/21,53,54,HI,Y,Y,4,2,307.62,307.62,0,0,0
25/05/21,53,54,HI,Y,Y,6,3,18.87,13.84,3.92,1.01,0.113333333
25/05/21,53,54,HI,Y,Y,8,4,3.34,2.84,0.39,0.1,0.006666667
25/05/21,53,54,HI,Y,Y,10,5,1.58,1.35,0.14,0.08,0.01
25/05/21,53,54,HI,Y,Y,11,6,7.91,5.87,2.04,0,0
1/06/21,54,55,HI,Y,Y,3,1,4.26,2.44,0.56,0.82,0.433333333
1/06/21,54,55,HI,Y,Y,4,2,258.42,258.42,0,0,0
1/06/21,54,55,HI,Y,Y,6,3,17.04,10.01,5.26,1.64,0.143333333
1/06/21,54,55,HI,Y,Y,8,4,1.1,0.42,0.46,0.22,0
1/06/21,54,55,HI,Y,Y,10,5,3.28,2.75,0.12,0.35,0.073333333
1/06/21,54,55,HI,Y,Y,11,6,11.99,9.62,2.37,0,0
8/06/21,55,56,HI,Y,Y,3,1,8.33,7.48,0.85,0,0
8/06/21,55,56,HI,Y,Y,4,2,115.8,104.52,8.21,3.07,0
8/06/21,55,56,HI,Y,Y,6,3,35.94,31.58,4.36,0,0
8/06/21,55,56,HI,Y,Y,8,4,0.38,0.01,0.36,0.01,0
8/06/21,55,56,HI,Y,Y,10,5,4.2,4.09,0.06,0.06,0
8/06/21,55,56,HI,Y,Y,11,6,16.33,13.71,2.62,0,0
15/06/21,56,57,HI,Y,Y,3,1,17.8,16.37,1.43,0,0
15/06/21,56,57,HI,Y,Y,4,2,89.64,80.31,9.33,0,0
15/06/21,56,57,HI,Y,Y,6,3,39.4,36.57,2.83,0,0
15/06/21,56,57,HI,Y,Y,8,4,1.12,0.43,0.53,0.16,0
15/06/21,56,57,HI,Y,Y,10,5,17.89,17.89,0,0,0
15/06/21,56,57,HI,Y,Y,11,6,21.38,20.06,1.32,0,0
22/06/21,57,58,HI,Y,Y,3,1,31.69,30.23,1.45,0,0
22/06/21,57,58,HI,Y,Y,4,2,109.1,98.99,10.11,0,0
22/06/21,57,58,HI,Y,Y,6,3,10.63,7.13,2.36,1.14,0
22/06/21,57,58,HI,Y,Y,8,4,0.89,0.02,0.53,0.34,0
22/06/21,57,58,HI,Y,Y,10,5,74.63,74.63,0,0,0
22/06/21,57,58,HI,Y,Y,11,6,18.42,16.84,1.58,0,0
29/06/21,58,59,HI,Y,Y,3,1,20.71,17.96,2.6,0.14,0
29/06/21,58,59,HI,Y,Y,4,2,152.98,147.03,3.31,1.63,1.013333333
29/06/21,58,59,HI,Y,Y,6,3,10.08,9.05,0.67,0.36,0
29/06/21,58,59,HI,Y,Y,8,4,4.34,3.4,0.28,0.65,0
29/06/21,58,59,HI,Y,Y,10,5,58.19,58.19,0,0,0
29/06/21,58,59,HI,Y,Y,11,6,23.81,23.43,0.38,0,0
6/07/21,59,60,HI,Y,Y,3,1,26.09,22.16,3.93,0,0
6/07/21,59,60,HI,Y,Y,4,2,156.7,144.84,8.25,1.89,1.716666667
6/07/21,59,60,HI,Y,Y,6,3,17.92,16.7,1.15,0.07,0
6/07/21,59,60,HI,Y,Y,8,4,6.9,6.6,0.3,0,0
6/07/21,59,60,HI,Y,Y,10,5,12.48,12.08,0.38,0.02,0
6/07/21,59,60,HI,Y,Y,11,6,24.55,24.01,0.54,0,0
13/07/21,60,61,HI,Y,Y,3,1,32.75,28.88,3.87,0,0
13/07/21,60,61,HI,Y,Y,4,2,151.17,149.84,1.32,0,0
13/07/21,60,61,HI,Y,Y,6,3,25.69,23.33,2.22,0.14,0
13/07/21,60,61,HI,Y,Y,8,4,6.89,4.73,0.73,1.43,0
13/07/21,60,61,HI,Y,Y,10,5,13.28,12.97,0.31,0,0
13/07/21,60,61,HI,Y,Y,11,6,34.34,33.4,0.94,0,0
19/05/20,0,1,I,N,Y,5,1,7.78,7.23,0.25,0.3,0
19/05/20,0,1,I,N,Y,9,2,4.87,4.87,0,0,0
19/05/20,0,1,I,N,Y,12,3,7.03,6.94,0.03,0.06,0
19/05/20,0,1,I,N,Y,14,4,6.89,6.42,0.47,0,0
19/05/20,0,1,I,N,Y,19,5,5.33,5.32,0,0,0
19/05/20,0,1,I,N,Y,25,6,7.42,7.41,0.02,0,0
26/05/20,1,2,I,N,Y,5,1,8.06,7.05,0.62,0.38,0
26/05/20,1,2,I,N,Y,9,2,5.64,5.55,0.09,0,0
26/05/20,1,2,I,N,Y,12,3,12.11,11.71,0,0.4,0
26/05/20,1,2,I,N,Y,14,4,10.46,9.36,0.98,0.12,0
26/05/20,1,2,I,N,Y,19,5,14.15,13.45,0,0.7,0
26/05/20,1,2,I,N,Y,25,6,12.43,12.02,0.07,0.35,0
3/06/20,2,3,I,N,Y,5,1,5.22,2.92,1.99,0.32,0
3/06/20,2,3,I,N,Y,9,2,9.88,9.65,0.22,0,0
3/06/20,2,3,I,N,Y,12,3,7.05,6.37,0.53,0.15,0
3/06/20,2,3,I,N,Y,14,4,14.95,0,12.08,0.2,2.68
3/06/20,2,3,I,N,Y,19,5,9.62,8.77,0.85,0,0
3/06/20,2,3,I,N,Y,25,6,11.81,8.46,3.36,0,0
9/06/20,3,4,I,N,Y,5,1,16.67,12.54,3.36,0.77,0
9/06/20,3,4,I,N,Y,9,2,13.75,13.37,0,0.39,0
9/06/20,3,4,I,N,Y,12,3,12.6,12.33,0.22,0.06,0
9/06/20,3,4,I,N,Y,14,4,12.9,7.36,4.63,0.91,0
9/06/20,3,4,I,N,Y,19,5,7.22,6.96,0.01,0.25,0
9/06/20,3,4,I,N,Y,25,6,18.71,15.21,3.08,0.42,0
16/06/20,4,5,I,N,Y,5,1,29.66,7.99,21.68,0,0
16/06/20,4,5,I,N,Y,9,2,14.17,12.37,0.9,0.91,0
16/06/20,4,5,I,N,Y,12,3,27.34,23.92,3.42,0,0
16/06/20,4,5,I,N,Y,14,4,19.07,6.37,12.7,0,0
16/06/20,4,5,I,N,Y,19,5,19.37,17.4,0.49,1.48,0
16/06/20,4,5,I,N,Y,25,6,28.43,16.56,11.82,0.05,0
23/06/20,5,6,I,N,Y,5,1,18.07,3.75,12.25,2.07,0
23/06/20,5,6,I,N,Y,9,2,13.33,11.38,1.28,0.68,0
23/06/20,5,6,I,N,Y,12,3,20.41,16.04,3.35,1.02,0
23/06/20,5,6,I,N,Y,14,4,8.21,4.04,2.9,1.27,0
23/06/20,5,6,I,N,Y,19,5,13.23,9.21,1.25,2.76,0
23/06/20,5,6,I,N,Y,25,6,20.08,7.84,10.1,2.15,0
30/06/20,6,7,I,N,Y,5,1,9.44,2.91,5.91,0.61,0
30/06/20,6,7,I,N,Y,9,2,22.17,20.59,1.15,0.43,0
30/06/20,6,7,I,N,Y,12,3,11.49,5.81,4,1.68,0
30/06/20,6,7,I,N,Y,14,4,13.36,9.24,3.68,0.43,0
30/06/20,6,7,I,N,Y,19,5,16.59,12.91,2.99,0.69,0
30/06/20,6,7,I,N,Y,25,6,16.19,7.95,7.74,0.5,0
7/07/20,7,8,I,N,Y,5,1,14.8,9.83,4.44,0.53,0
7/07/20,7,8,I,N,Y,9,2,25.61,23.79,0.79,1.03,0
7/07/20,7,8,I,N,Y,12,3,6.23,3.35,2.26,0.63,0
7/07/20,7,8,I,N,Y,14,4,15,9.77,4.61,0.62,0
7/07/20,7,8,I,N,Y,19,5,18.25,14.33,3.39,0.53,0
7/07/20,7,8,I,N,Y,25,6,23.39,17.82,5.57,0,0
14/07/20,8,9,I,N,Y,5,1,9.96,5.97,3.62,0.37,0
14/07/20,8,9,I,N,Y,9,2,22.6,18.93,0.39,2.53,0.74
14/07/20,8,9,I,N,Y,12,3,4.23,1.32,1.11,1.75,0.05
14/07/20,8,9,I,N,Y,14,4,5.91,3.04,2.4,0.47,0
14/07/20,8,9,I,N,Y,19,5,14.17,11.16,3.01,0.01,0
14/07/20,8,9,I,N,Y,25,6,18.8,14.71,4.09,0,0
21/07/20,9,10,I,N,Y,5,1,8.96,5.09,3.41,0.47,0
21/07/20,9,10,I,N,Y,9,2,16.03,13.44,1.7,0.89,0
21/07/20,9,10,I,N,Y,12,3,1.82,0.67,0.71,0.43,0
21/07/20,9,10,I,N,Y,14,4,7.21,4.51,2.07,0.62,0
21/07/20,9,10,I,N,Y,19,5,10.82,6.25,3.87,0.7,0
21/07/20,9,10,I,N,Y,25,6,27.01,22,5.01,0,0
28/07/20,10,11,I,N,Y,5,1,4.25,0.51,1.84,1.51,0.4
28/07/20,10,11,I,N,Y,9,2,10.37,7.48,2.17,0.72,0
28/07/20,10,11,I,N,Y,12,3,1.66,0.45,0.7,0.49,0.02
28/07/20,10,11,I,N,Y,14,4,5.91,3.24,1.52,1.12,0.05
28/07/20,10,11,I,N,Y,19,5,11.44,6.65,3.43,1.36,0
28/07/20,10,11,I,N,Y,25,6,29.07,24.91,4.15,0,0
4/08/20,11,12,I,N,Y,5,1,3.78,1.95,0.71,0.89,0.23
4/08/20,11,12,I,N,Y,9,2,8.73,7.34,1.05,0.35,0
4/08/20,11,12,I,N,Y,12,3,1.56,0.97,0.42,0.17,0
4/08/20,11,12,I,N,Y,14,4,5.58,3.88,1.03,0.65,0.02
4/08/20,11,12,I,N,Y,19,5,9.3,5.74,3.29,0.27,0
4/08/20,11,12,I,N,Y,25,6,23.43,19.81,3.49,0.12,0
11/08/20,12,13,I,N,Y,5,1,2.29,0.95,0.82,0.51,0
11/08/20,12,13,I,N,Y,9,2,12.87,9.73,2.32,0.82,0
11/08/20,12,13,I,N,Y,12,3,1.48,0.5,0.63,0.34,0
11/08/20,12,13,I,N,Y,14,4,5.94,3.48,1.56,0.89,0
11/08/20,12,13,I,N,Y,19,5,15.26,7.29,7.85,0.11,0
11/08/20,12,13,I,N,Y,25,6,19.98,12.3,7.48,0.21,0
18/08/20,13,14,I,N,Y,5,1,1.5,0.47,0.74,0.29,0
18/08/20,13,14,I,N,Y,9,2,17.3,14.63,2.5,0.17,0
18/08/20,13,14,I,N,Y,12,3,2.78,1.47,0.75,0.56,0
18/08/20,13,14,I,N,Y,14,4,7.77,5.45,1.79,0.52,0
18/08/20,13,14,I,N,Y,19,5,12.93,7.08,5.56,0.29,0
18/08/20,13,14,I,N,Y,25,6,24.15,13.26,10.08,0.81,0
25/08/20,14,15,I,N,Y,5,1,1.82,0.31,1.14,0.37,0
25/08/20,14,15,I,N,Y,9,2,21.06,17.49,3.36,0.21,0
25/08/20,14,15,I,N,Y,12,3,7.58,5.6,1.05,0.93,0
25/08/20,14,15,I,N,Y,14,4,8.85,5.79,2.61,0.45,0
25/08/20,14,15,I,N,Y,19,5,11.37,8.55,2.5,0.32,0
25/08/20,14,15,I,N,Y,25,6,27.99,19.1,7.39,1.49,0
1/09/20,15,16,I,N,Y,5,1,3.65,2.46,0.85,0.34,0
1/09/20,15,16,I,N,Y,9,2,27.2,23.63,3.58,0,0
1/09/20,15,16,I,N,Y,12,3,7.61,6.68,0.53,0.4,0
1/09/20,15,16,I,N,Y,14,4,10.32,8.01,1.94,0.36,0
1/09/20,15,16,I,N,Y,19,5,9.97,6.52,3.45,0,0
1/09/20,15,16,I,N,Y,25,6,27.93,18.96,8.97,0,0
8/09/20,16,17,I,N,Y,5,1,4.91,2.81,1.45,0.45,0.21
8/09/20,16,17,I,N,Y,9,2,21.94,19.27,2.66,0,0
8/09/20,16,17,I,N,Y,12,3,8.18,7.39,0.56,0.18,0.05
8/09/20,16,17,I,N,Y,14,4,7.59,5.01,1.9,0.68,0
8/09/20,16,17,I,N,Y,19,5,9.1,5.4,3.18,0.52,0
8/09/20,16,17,I,N,Y,25,6,27.97,19.88,8.09,0,0
15/09/20,17,18,I,N,Y,5,1,6.14,3.79,1.49,0.5,0.35
15/09/20,17,18,I,N,Y,9,2,18.32,16.69,1.6,0.03,0
15/09/20,17,18,I,N,Y,12,3,7.63,7.05,0.39,0.19,0
15/09/20,17,18,I,N,Y,14,4,7.24,4.85,1.5,0.88,0
15/09/20,17,18,I,N,Y,19,5,7.66,3.26,3.61,0.79,0
15/09/20,17,18,I,N,Y,25,6,27.01,19.35,7.65,0,0
22/09/20,18,19,I,N,Y,5,1,5.46,2.31,2.25,0.55,0.35
22/09/20,18,19,I,N,Y,9,2,31.96,29.85,2.11,0,0
22/09/20,18,19,I,N,Y,12,3,8.54,7.71,0.53,0.3,0
22/09/20,18,19,I,N,Y,14,4,5.81,3.11,1.51,1.14,0.04
22/09/20,18,19,I,N,Y,19,5,7.6,2.94,4.18,0.48,0
22/09/20,18,19,I,N,Y,25,6,39.35,30.17,9.18,0,0
29/09/20,19,20,I,N,Y,5,1,4.85,0.66,3.4,0.64,0.15
29/09/20,19,20,I,N,Y,9,2,34.46,32.05,1.78,0.63,0
29/09/20,19,20,I,N,Y,12,3,7.27,6.15,0.61,0.48,0.02
29/09/20,19,20,I,N,Y,14,4,3.46,1.21,1.52,0.73,0
29/09/20,19,20,I,N,Y,19,5,6.12,0.38,5.34,0.4,0
29/09/20,19,20,I,N,Y,25,6,32.09,21.69,10.4,0,0
6/10/20,20,21,I,N,Y,5,1,3.65,0,3.05,0.16,0.44
6/10/20,20,21,I,N,Y,9,2,35,31.08,1.7,2.22,0
6/10/20,20,21,I,N,Y,12,3,9.34,7.25,0.78,1.07,0.23
6/10/20,20,21,I,N,Y,14,4,4.68,1.37,1.97,1.2,0.14
6/10/20,20,21,I,N,Y,19,5,5.57,0,5.35,0.21,0
6/10/20,20,21,I,N,Y,25,6,38.04,26.88,11.16,0,0
13/10/20,21,22,I,N,Y,5,1,21,0.53,20.47,0,0
13/10/20,21,22,I,N,Y,9,2,27.26,26.23,0.93,0.1,0
13/10/20,21,22,I,N,Y,12,3,7.12,6.28,0.43,0.39,0.02
13/10/20,21,22,I,N,Y,14,4,4.25,1.95,1.8,0.49,0
13/10/20,21,22,I,N,Y,19,5,2.89,0,2.89,0,0
13/10/20,21,22,I,N,Y,25,6,34.88,28.36,6.53,0,0
20/10/20,22,23,I,N,Y,5,1,12.49,1.75,10.58,0.17,0
20/10/20,22,23,I,N,Y,9,2,20.56,20.26,0.3,0,0
20/10/20,22,23,I,N,Y,12,3,6.99,6.05,0.36,0.37,0.21
20/10/20,22,23,I,N,Y,14,4,4.72,1.52,2.91,0.17,0.12
20/10/20,22,23,I,N,Y,19,5,2.01,0.1,1.74,0.18,0
20/10/20,22,23,I,N,Y,25,6,32.35,25.1,7.26,0,0
27/10/20,23,24,I,N,Y,5,1,2.99,0,2.88,0.1,0.01
27/10/20,23,24,I,N,Y,9,2,16.15,14.76,1.12,0.27,0
27/10/20,23,24,I,N,Y,12,3,5.99,4.22,0.68,0.65,0.44
27/10/20,23,24,I,N,Y,14,4,5.13,0.06,4.48,0.35,0.25
27/10/20,23,24,I,N,Y,19,5,2.16,0,1.88,0.27,0
27/10/20,23,24,I,N,Y,25,6,32.85,25.03,7.67,0.14,0
3/11/20,24,25,I,N,Y,5,1,1.35,0,1.21,0.02,0.12
3/11/20,24,25,I,N,Y,9,2,9.09,7.2,1.46,0.43,0
3/11/20,24,25,I,N,Y,12,3,3.07,1.03,0.78,0.7,0.56
3/11/20,24,25,I,N,Y,14,4,3.8,0,1.9,0.13,1.76
3/11/20,24,25,I,N,Y,19,5,2.37,0,1.88,0.49,0
3/11/20,24,25,I,N,Y,25,6,34.37,23.52,9.6,1.25,0
10/11/20,25,26,I,N,Y,5,1,1.36,0,1.16,0.07,0.15
10/11/20,25,26,I,N,Y,9,2,5.89,3.73,1.53,0.62,0
10/11/20,25,26,I,N,Y,12,3,1.58,0,0.73,0.45,0.4
10/11/20,25,26,I,N,Y,14,4,4.96,0,2.66,0.29,2.01
10/11/20,25,26,I,N,Y,19,5,1.92,0,1.92,0,0
10/11/20,25,26,I,N,Y,25,6,27.02,18.9,5.89,2.24,0
17/11/20,26,27,I,N,Y,5,1,1.02,0,1.02,0,0
17/11/20,26,27,I,N,Y,9,2,2.37,0.76,1.27,0.33,0
17/11/20,26,27,I,N,Y,12,3,1.16,0,0.63,0.27,0.26
17/11/20,26,27,I,N,Y,14,4,7.67,0.14,2.96,0.23,4.33
17/11/20,26,27,I,N,Y,19,5,1.64,0,1.64,0,0
17/11/20,26,27,I,N,Y,25,6,27.13,14.43,11.47,1.24,0
24/11/20,27,28,I,N,Y,5,1,0.92,0,0.92,0,0
24/11/20,27,28,I,N,Y,9,2,1.77,0.36,1.1,0.32,0
24/11/20,27,28,I,N,Y,12,3,1.39,0.12,0.76,0.43,0.08
24/11/20,27,28,I,N,Y,14,4,5.57,0.01,2.32,0.27,2.97
24/11/20,27,28,I,N,Y,19,5,1.58,0,1.58,0,0
24/11/20,27,28,I,N,Y,25,6,25.34,13.99,10.5,0.84,0
1/12/20,28,29,I,N,Y,5,1,0.83,0,0.83,0,0
1/12/20,28,29,I,N,Y,9,2,2.67,1.59,0.91,0.17,0
1/12/20,28,29,I,N,Y,12,3,0.44,0,0.41,0,0.026666667
1/12/20,28,29,I,N,Y,14,4,1.93,0,1.61,0,0.323333333
1/12/20,28,29,I,N,Y,19,5,1.19,0,1.19,0,0
1/12/20,28,29,I,N,Y,25,6,26.63,12.87,12.59,1.18,0
8/12/20,29,30,I,N,Y,5,1,0.71,0,0.71,0,0
8/12/20,29,30,I,N,Y,9,2,4.84,3.95,0.72,0.17,0
8/12/20,29,30,I,N,Y,12,3,0.77,0,0.46,0.21,0.09
8/12/20,29,30,I,N,Y,14,4,8.5,2.23,1.42,0.13,4.713333333
8/12/20,29,30,I,N,Y,19,5,1.37,0,1.37,0,0
8/12/20,29,30,I,N,Y,25,6,24.59,11.99,11.15,1.45,0
15/12/20,30,31,I,N,Y,5,1,0.77,0,0.77,0,0
15/12/20,30,31,I,N,Y,9,2,2.87,1.62,1.07,0.19,0
15/12/20,30,31,I,N,Y,12,3,0.47,0,0.42,0,0.046666667
15/12/20,30,31,I,N,Y,14,4,10.39,0,2.38,1.34,6.676666667
15/12/20,30,31,I,N,Y,19,5,1.53,0,1.52,0,0.006666667
15/12/20,30,31,I,N,Y,25,6,30.45,12.11,16.19,2.15,0
22/12/20,31,32,I,N,Y,5,1,0.83,0,0.83,0,0
22/12/20,31,32,I,N,Y,9,2,1.29,0,1.19,0.1,0
22/12/20,31,32,I,N,Y,12,3,0.92,0,0.72,0.01,0.183333333
22/12/20,31,32,I,N,Y,14,4,11.87,0,2.76,1.09,8.013333333
22/12/20,31,32,I,N,Y,19,5,2.05,0,1.22,0,0.83
22/12/20,31,32,I,N,Y,25,6,34.5,12.04,19.24,3.21,0
29/12/20,32,33,I,N,Y,5,1,0.6,0,0.6,0,0
29/12/20,32,33,I,N,Y,9,2,2.15,1.23,0.81,0.1,0
29/12/20,32,33,I,N,Y,12,3,0.46,0,0.44,0.01,0.013333333
29/12/20,32,33,I,N,Y,14,4,11,0.25,2.21,1.27,7.27
29/12/20,32,33,I,N,Y,19,5,2.35,0,1.18,0.46,0.703333333
29/12/20,32,33,I,N,Y,25,6,33.59,10.78,18.8,4.01,0
5/01/21,33,34,I,N,Y,5,1,0.68,0,0.67,0,0
5/01/21,33,34,I,N,Y,9,2,3.37,2.67,0.62,0.07,0.006666667
5/01/21,33,34,I,N,Y,12,3,0.4,0,0.38,0,0.026666667
5/01/21,33,34,I,N,Y,14,4,6.35,0.07,1.56,0.53,4.196666667
5/01/21,33,34,I,N,Y,19,5,3.38,0,1.11,1.23,1.036666667
5/01/21,33,34,I,N,Y,25,6,34.83,10.56,20.19,4.08,0
12/01/21,34,35,I,N,Y,5,1,0.79,0.39,0.39,0,0
12/01/21,34,35,I,N,Y,9,2,4.29,3.74,0.48,0.06,0.013333333
12/01/21,34,35,I,N,Y,12,3,0.23,0.12,0.1,0,0.003333333
12/01/21,34,35,I,N,Y,14,4,12.56,2.64,1.6,0.46,7.866666667
12/01/21,34,35,I,N,Y,19,5,4.28,0,1.06,1.75,1.473333333
12/01/21,34,35,I,N,Y,25,6,30.88,9.12,18.27,3.49,0
26/01/21,36,37,I,N,Y,5,1,1.92,1.66,0.25,0.01,0
26/01/21,36,37,I,N,Y,9,2,1.62,1.02,0.53,0.06,0
26/01/21,36,37,I,N,Y,12,3,0.33,0,0.3,0,0.026666667
26/01/21,36,37,I,N,Y,14,4,6.46,0.8,1.1,0.27,4.293333333
26/01/21,36,37,I,N,Y,19,5,6.79,0.78,0.87,2.79,2.36
26/01/21,36,37,I,N,Y,25,6,87.81,44.09,38.57,5.15,0
23/02/21,40,41,I,N,Y,5,1,2.71,2.48,0.19,0.04,0
23/02/21,40,41,I,N,Y,9,2,1.08,0.41,0.49,0.18,0
23/02/21,40,41,I,N,Y,12,3,1.8,1.43,0.26,0.11,0
23/02/21,40,41,I,N,Y,14,4,1.78,0.32,0.66,0.23,0.576666667
23/02/21,40,41,I,N,Y,19,5,5.56,2.05,1.06,2.08,0.38
23/02/21,40,41,I,N,Y,25,6,10.81,6.59,3.76,0.45,0
2/03/21,41,42,I,N,Y,5,1,3.01,2.31,0.38,0.28,0.03
2/03/21,41,42,I,N,Y,9,2,10.64,8.9,0.81,0.52,0.416666667
2/03/21,41,42,I,N,Y,12,3,6.52,6,0.34,0.11,0.07
2/03/21,41,42,I,N,Y,14,4,3.79,2.46,0.38,0,0.943333333
2/03/21,41,42,I,N,Y,19,5,10.66,7.09,0.67,2.07,0.83
2/03/21,41,42,I,N,Y,25,6,20.52,10.61,8.33,1.58,0
10/03/21,42,43,I,N,Y,5,1,0.45,0.24,0.19,0.03,0
10/03/21,42,43,I,N,Y,9,2,2.52,2.01,0.34,0.01,0.15
10/03/21,42,43,I,N,Y,12,3,1.88,1.63,0.09,0.07,0.086666667
10/03/21,42,43,I,N,Y,14,4,2.94,2.51,0.1,0.04,0.3
10/03/21,42,43,I,N,Y,19,5,6.33,3.81,0.49,1.47,0.57
10/03/21,42,43,I,N,Y,25,6,26.76,13.01,11.3,2.45,0
16/03/21,43,44,I,N,Y,5,1,0.72,0.39,0.26,0.08,0
16/03/21,43,44,I,N,Y,9,2,3.32,2.57,0.43,0.1,0.216666667
16/03/21,43,44,I,N,Y,12,3,2.61,2.21,0.1,0.3,0
16/03/21,43,44,I,N,Y,14,4,6.1,5.54,0,0.41,0.14
16/03/21,43,44,I,N,Y,19,5,10.41,7.92,0.02,1.81,0.653333333
16/03/21,43,44,I,N,Y,25,6,26.16,15.9,7.58,2.67,0
23/03/21,44,45,I,N,Y,5,1,1.12,0.56,0.29,0.27,0
23/03/21,44,45,I,N,Y,9,2,2.5,1.95,0.39,0.14,0.026666667
23/03/21,44,45,I,N,Y,12,3,0.44,0.25,0.15,0.04,0
23/03/21,44,45,I,N,Y,14,4,4.95,4.09,0,0.7,0.17
23/03/21,44,45,I,N,Y,19,5,5.69,4.28,0.43,0.99,0
23/03/21,44,45,I,N,Y,25,6,22.15,14.17,4.88,3.11,0
30/03/21,45,46,I,N,Y,5,1,2.75,1.23,0.41,1.11,0
30/03/21,45,46,I,N,Y,9,2,3.95,2.72,0.49,0.66,0.083333333
30/03/21,45,46,I,N,Y,12,3,0.79,0.25,0.25,0.17,0.123333333
30/03/21,45,46,I,N,Y,14,4,3.22,2.43,0.22,0.17,0.41
30/03/21,45,46,I,N,Y,19,5,1.61,0.34,0.95,0.32,0
30/03/21,45,46,I,N,Y,25,6,32.03,21.95,4.22,5.86,0
6/04/21,46,47,I,N,Y,5,1,4.76,2.26,0.06,2.45,0
6/04/21,46,47,I,N,Y,9,2,12.69,11.2,0.1,0.28,1.103333333
6/04/21,46,47,I,N,Y,12,3,1.07,0.74,0.2,0.13,0
6/04/21,46,47,I,N,Y,14,4,3.63,2.97,0.12,0.38,0.163333333
6/04/21,46,47,I,N,Y,19,5,0.74,0,0.74,0,0
6/04/21,46,47,I,N,Y,25,6,17.54,12.86,0.33,4.35,0
13/04/21,47,48,I,N,Y,5,1,8.67,5.64,0,3.02,0
13/04/21,47,48,I,N,Y,9,2,15.98,13.89,0,1.86,0.22
13/04/21,47,48,I,N,Y,12,3,1.62,1.38,0.13,0.11,0
13/04/21,47,48,I,N,Y,14,4,3.36,2.88,0.05,0.32,0.103333333
13/04/21,47,48,I,N,Y,19,5,0.74,0,0.74,0,0
13/04/21,47,48,I,N,Y,25,6,13.29,8.61,0.36,4.32,0
20/04/21,48,49,I,N,Y,5,1,5.75,4.39,0,1.37,0
20/04/21,48,49,I,N,Y,9,2,19.46,17.69,0,1.77,0
20/04/21,48,49,I,N,Y,12,3,2.74,2.41,0.12,0.2,0
20/04/21,48,49,I,N,Y,14,4,3.9,3.25,0.16,0.48,0.006666667
20/04/21,48,49,I,N,Y,19,5,0.78,0,0.76,0.02,0
20/04/21,48,49,I,N,Y,25,6,29.99,21.26,0,8.73,0
27/04/21,49,50,I,N,Y,5,1,0.92,0.63,0.15,0.15,0
27/04/21,49,50,I,N,Y,9,2,12.56,12.56,0,0,0
27/04/21,49,50,I,N,Y,12,3,2.17,2.17,0,0,0
27/04/21,49,50,I,N,Y,14,4,2.04,1.71,0.12,0.2,0
27/04/21,49,50,I,N,Y,19,5,0.7,0,0.7,0,0
27/04/21,49,50,I,N,Y,25,6,36.98,26.03,0,10.95,0
4/05/21,50,51,I,N,Y,5,1,0.6,0.09,0.39,0.11,0
4/05/21,50,51,I,N,Y,9,2,14.25,14.21,0.04,0,0
4/05/21,50,51,I,N,Y,12,3,4.32,3.98,0.06,0.28,0
4/05/21,50,51,I,N,Y,14,4,1.61,0.96,0.28,0.35,0.02
4/05/21,50,51,I,N,Y,19,5,0.94,0,0.91,0.03,0
4/05/21,50,51,I,N,Y,25,6,26.3,21.55,0,4.75,0
11/05/21,51,52,I,N,Y,5,1,0.46,0.03,0.31,0.12,0
11/05/21,51,52,I,N,Y,9,2,8.47,8.47,0,0,0
11/05/21,51,52,I,N,Y,12,3,5.39,4.23,0,1.16,0
11/05/21,51,52,I,N,Y,14,4,1.11,0.72,0.2,0.19,0
11/05/21,51,52,I,N,Y,19,5,1.36,0.46,0.79,0.12,0
11/05/21,51,52,I,N,Y,25,6,19.22,16.56,0,2.67,0
18/05/21,52,53,I,N,Y,5,1,0.71,0,0.52,0.14,0.053333333
18/05/21,52,53,I,N,Y,9,2,13.5,12.94,0.36,0.2,0
18/05/21,52,53,I,N,Y,12,3,11.58,9.29,0,2.29,0
18/05/21,52,53,I,N,Y,14,4,0.59,0.16,0.25,0.17,0
18/05/21,52,53,I,N,Y,19,5,1.02,0,1.02,0,0
18/05/21,52,53,I,N,Y,25,6,27.62,24.05,0,3.57,0
25/05/21,53,54,I,N,Y,5,1,0.44,0,0.41,0,0.033333333
25/05/21,53,54,I,N,Y,9,2,15.27,13.89,0,1.38,0
25/05/21,53,54,I,N,Y,12,3,4.7,3.24,0.79,0.67,0.003333333
25/05/21,53,54,I,N,Y,14,4,0.53,0.15,0.27,0.11,0
25/05/21,53,54,I,N,Y,19,5,0.87,0,0.87,0,0
25/05/21,53,54,I,N,Y,25,6,30.85,29.49,0,1.36,0
1/06/21,54,55,I,N,Y,5,1,0.49,0,0.49,0,0
1/06/21,54,55,I,N,Y,9,2,17.27,14.4,0.03,2.84,0
1/06/21,54,55,I,N,Y,12,3,0.93,0,0.66,0.19,0.093333333
1/06/21,54,55,I,N,Y,14,4,0.62,0.2,0.29,0.12,0
1/06/21,54,55,I,N,Y,19,5,0.95,0,0.95,0,0
1/06/21,54,55,I,N,Y,25,6,46.9,46.9,0,0,0
8/06/21,55,56,I,N,Y,5,1,0.41,0,0.37,0,0.04
8/06/21,55,56,I,N,Y,9,2,6.62,5.79,0.56,0.26,0
8/06/21,55,56,I,N,Y,12,3,0.76,0.02,0.37,0.37,0
8/06/21,55,56,I,N,Y,14,4,0.43,0.03,0.27,0.13,0
8/06/21,55,56,I,N,Y,19,5,0.98,0,0.98,0,0
8/06/21,55,56,I,N,Y,25,6,68.67,68.67,0,0,0
15/06/21,56,57,I,N,Y,5,1,0.67,0,0.51,0.16,0
15/06/21,56,57,I,N,Y,9,2,10.54,9.21,1.28,0.06,0
15/06/21,56,57,I,N,Y,12,3,20.19,17.74,0.33,1.76,0.36
15/06/21,56,57,I,N,Y,14,4,1.53,0.05,0.53,0.82,0.133333333
15/06/21,56,57,I,N,Y,19,5,2.08,0,1.82,0.26,0
15/06/21,56,57,I,N,Y,25,6,149.31,148.55,0.76,0,0
22/06/21,57,58,I,N,Y,5,1,0.54,0,0.46,0.03,0.05
22/06/21,57,58,I,N,Y,9,2,9.91,8.08,1.34,0.49,0
22/06/21,57,58,I,N,Y,12,3,4.12,1.46,0.7,1.46,0.503333333
22/06/21,57,58,I,N,Y,14,4,1.67,0,0.58,0.82,0.273333333
22/06/21,57,58,I,N,Y,19,5,1.64,0,1.48,0.16,0
22/06/21,57,58,I,N,Y,25,6,88.95,83.41,5.54,0,0
29/06/21,58,59,I,N,Y,5,1,0.44,0,0.33,0.11,0
29/06/21,58,59,I,N,Y,9,2,2.09,0.78,1.09,0.22,0
29/06/21,58,59,I,N,Y,12,3,2.45,0.04,0.55,1.32,0.536666667
29/06/21,58,59,I,N,Y,14,4,16.5,13.16,2.02,1.27,0.046666667
29/06/21,58,59,I,N,Y,19,5,1.39,0,1.09,0.31,0
29/06/21,58,59,I,N,Y,25,6,79.83,70.7,9.13,0,0
6/07/21,59,60,I,N,Y,5,1,2.14,0.98,0.31,0.68,0.18
6/07/21,59,60,I,N,Y,9,2,5.63,3.76,1.47,0.4,0
6/07/21,59,60,I,N,Y,12,3,1.06,0,0.54,0.17,0.363333333
6/07/21,59,60,I,N,Y,14,4,1.77,0.18,0.87,0.69,0.036666667
6/07/21,59,60,I,N,Y,19,5,1.29,0,1.26,0.03,0
6/07/21,59,60,I,N,Y,25,6,75.79,63.13,12.67,0,0
13/07/21,60,61,I,N,Y,5,1,0.68,0,0.37,0.24,0.06
13/07/21,60,61,I,N,Y,9,2,4.29,2.25,1.72,0.32,0
13/07/21,60,61,I,N,Y,12,3,1.32,0,0.72,0.34,0.256666667
13/07/21,60,61,I,N,Y,14,4,0.81,0,0.45,0.13,0.236666667
13/07/21,60,61,I,N,Y,19,5,1.75,0,1.5,0.24,0
13/07/21,60,61,I,N,Y,25,6,69.68,60.6,9.08,0,0
3/06/20,2,3,NEG,NEG,NEG,1,1,1.65,1.65,0,0,0
3/06/20,2,3,NEG,NEG,NEG,18,2,6.03,6.03,0,0,0
3/06/20,2,3,NEG,NEG,NEG,22,3,1.4,1.4,0,0,0
9/06/20,3,4,NEG,NEG,NEG,1,4,6.57,5.09,0,1.48,0
9/06/20,3,4,NEG,NEG,NEG,18,5,9.57,9.25,0,0.32,0
9/06/20,3,4,NEG,NEG,NEG,22,6,14.04,13.61,0,0.43,0
16/06/20,4,5,NEG,NEG,NEG,1,1,14.87,8.51,0,6.36,0
16/06/20,4,5,NEG,NEG,NEG,18,2,12.53,12.33,0,0.2,0
16/06/20,4,5,NEG,NEG,NEG,22,3,37.05,37.05,0,0,0
23/06/20,5,6,NEG,NEG,NEG,1,4,20.76,10.63,0,10.14,0
23/06/20,5,6,NEG,NEG,NEG,18,5,2.77,1.73,0,1.04,0
23/06/20,5,6,NEG,NEG,NEG,22,6,24.37,22.22,0,2.15,0
30/06/20,6,7,NEG,NEG,NEG,1,1,27.67,15.96,0,11.72,0
30/06/20,6,7,NEG,NEG,NEG,18,2,4.39,4.11,0.03,0.25,0
30/06/20,6,7,NEG,NEG,NEG,22,3,1.84,0.87,0.3,0.66,0
7/07/20,7,8,NEG,NEG,NEG,1,4,22.33,14,0,8.34,0
7/07/20,7,8,NEG,NEG,NEG,18,5,7.99,6.39,0,1.6,0
7/07/20,7,8,NEG,NEG,NEG,22,6,0.99,0.68,0.26,0.05,0
14/07/20,8,9,NEG,NEG,NEG,1,1,7.02,4.83,0,2.19,0
14/07/20,8,9,NEG,NEG,NEG,18,2,3.79,2.67,0,1.12,0
14/07/20,8,9,NEG,NEG,NEG,22,3,0.16,0,0.13,0.04,0
21/07/20,9,10,NEG,NEG,NEG,1,4,12.48,8.95,0,3.53,0
21/07/20,9,10,NEG,NEG,NEG,18,5,4.34,2.93,0,1.41,0
21/07/20,9,10,NEG,NEG,NEG,22,6,1.07,0.74,0.18,0.16,0
28/07/20,10,11,NEG,NEG,NEG,1,1,17.99,12.6,0,5.39,0
28/07/20,10,11,NEG,NEG,NEG,18,2,9.4,6.16,0,3.24,0
28/07/20,10,11,NEG,NEG,NEG,22,3,1.91,1.53,0.17,0.21,0
4/08/20,11,12,NEG,NEG,NEG,1,4,24.26,16.94,0,7.32,0
4/08/20,11,12,NEG,NEG,NEG,18,5,6.26,4.6,0,1.66,0
4/08/20,11,12,NEG,NEG,NEG,22,6,1.29,1.17,0.08,0.04,0
11/08/20,12,13,NEG,NEG,NEG,1,1,0.02,0,0.02,0,0
11/08/20,12,13,NEG,NEG,NEG,18,2,0.77,0.32,0,0.45,0
11/08/20,12,13,NEG,NEG,NEG,22,3,0.42,0.27,0,0.15,0
18/08/20,13,14,NEG,NEG,NEG,1,4,1.67,0.19,0,1.49,0
18/08/20,13,14,NEG,NEG,NEG,18,5,0.42,0.21,0.01,0.2,0
18/08/20,13,14,NEG,NEG,NEG,22,6,0.34,0.2,0.01,0.14,0
25/08/20,14,15,NEG,NEG,NEG,1,1,1.55,0.88,0.03,0.64,0
25/08/20,14,15,NEG,NEG,NEG,18,2,1.44,0.85,0,0.6,0
25/08/20,14,15,NEG,NEG,NEG,22,3,3.96,1.43,0,2.52,0
1/09/20,15,16,NEG,NEG,NEG,1,4,4.09,1.89,0,2.19,0
1/09/20,15,16,NEG,NEG,NEG,18,5,3.75,1.41,0,2.34,0
1/09/20,15,16,NEG,NEG,NEG,22,6,3.81,1.58,0,2.23,0
8/09/20,16,17,NEG,NEG,NEG,1,1,16.11,7.27,3.2,5.63,0
8/09/20,16,17,NEG,NEG,NEG,18,2,2.59,0.96,0,1.63,0
8/09/20,16,17,NEG,NEG,NEG,22,3,3.64,1.65,0,2,0
15/09/20,17,18,NEG,NEG,NEG,1,4,14.29,10.74,0,3.55,0
15/09/20,17,18,NEG,NEG,NEG,18,5,1.68,0.69,0,0.99,0
15/09/20,17,18,NEG,NEG,NEG,22,6,4.01,1.91,0,2.09,0
22/09/20,18,19,NEG,NEG,NEG,1,1,20.14,13.82,0,6.32,0
22/09/20,18,19,NEG,NEG,NEG,18,2,5.59,1.76,0,3.83,0
22/09/20,18,19,NEG,NEG,NEG,22,3,10.06,4.11,0,5.96,0
29/09/20,19,20,NEG,NEG,NEG,1,4,25.91,17.78,0,8.13,0
29/09/20,19,20,NEG,NEG,NEG,18,5,7.64,1.91,0,5.74,0
29/09/20,19,20,NEG,NEG,NEG,22,6,8.02,3.15,0,4.87,0
6/10/20,20,21,NEG,NEG,NEG,1,1,8.81,5.77,0.09,2.95,0
6/10/20,20,21,NEG,NEG,NEG,18,2,1.94,0,0.16,1.79,0
6/10/20,20,21,NEG,NEG,NEG,22,3,3.22,0.82,0.1,2.3,0
13/10/20,21,22,NEG,NEG,NEG,1,4,6.13,4.75,0.17,1.22,0
13/10/20,21,22,NEG,NEG,NEG,18,5,1.7,0.44,0.12,1.14,0
13/10/20,21,22,NEG,NEG,NEG,22,6,1.79,0.87,0.02,0.9,0
20/10/20,22,23,NEG,NEG,NEG,1,1,3.62,2.66,0.03,0.93,0
20/10/20,22,23,NEG,NEG,NEG,18,2,2.8,0.86,0,1.94,0
20/10/20,22,23,NEG,NEG,NEG,22,3,1.4,0.84,0,0.56,0
27/10/20,23,24,NEG,NEG,NEG,1,4,2.71,1.08,0.3,1.33,0
27/10/20,23,24,NEG,NEG,NEG,18,5,2.6,0.62,0.09,1.89,0
27/10/20,23,24,NEG,NEG,NEG,22,6,1.88,1.12,0.04,0.73,0
3/11/20,24,25,NEG,NEG,NEG,1,1,4.9,1.9,0,2.99,0
3/11/20,24,25,NEG,NEG,NEG,18,2,1.51,0.33,0.17,1.01,0
3/11/20,24,25,NEG,NEG,NEG,22,3,2.26,1.42,0.12,0.71,0
10/11/20,25,26,NEG,NEG,NEG,1,4,3.85,0.14,0.09,3.63,0
10/11/20,25,26,NEG,NEG,NEG,18,5,1.74,0.06,0.25,1.44,0
10/11/20,25,26,NEG,NEG,NEG,22,6,2.8,2.28,0.1,0.42,0
17/11/20,26,27,NEG,NEG,NEG,1,1,3.4,0.12,0.13,3.15,0
17/11/20,26,27,NEG,NEG,NEG,18,2,1.01,0.18,0.22,0.61,0
17/11/20,26,27,NEG,NEG,NEG,22,3,3.72,3.32,0.08,0.33,0
24/11/20,27,28,NEG,NEG,NEG,1,4,0.81,0.05,0.28,0.49,0
24/11/20,27,28,NEG,NEG,NEG,18,5,0.7,0.31,0.16,0.24,0
24/11/20,27,28,NEG,NEG,NEG,22,6,4.13,3.91,0.03,0.19,0
1/12/20,28,29,NEG,NEG,NEG,1,1,0.26,0,0.21,0.05,0
1/12/20,28,29,NEG,NEG,NEG,18,2,0.54,0.3,0.08,0.15,0
1/12/20,28,29,NEG,NEG,NEG,22,3,3.05,3,0.01,0.03,0
8/12/20,29,30,NEG,NEG,NEG,1,4,0.19,0,0.17,0.02,0
8/12/20,29,30,NEG,NEG,NEG,18,5,0.44,0.13,0.09,0.22,0
8/12/20,29,30,NEG,NEG,NEG,22,6,1.84,1.59,0.15,0.1,0
15/12/20,30,31,NEG,NEG,NEG,1,1,0.21,0,0.17,0.03,0
15/12/20,30,31,NEG,NEG,NEG,18,2,0.22,0.01,0.11,0.11,0
15/12/20,30,31,NEG,NEG,NEG,22,3,0.78,0.64,0.05,0.09,0
22/12/20,31,32,NEG,NEG,NEG,1,4,0.29,0,0.17,0.11,0
22/12/20,31,32,NEG,NEG,NEG,18,5,0.27,0,0.14,0.13,0
22/12/20,31,32,NEG,NEG,NEG,22,6,0.88,0.67,0.05,0.16,0
29/12/20,32,33,NEG,NEG,NEG,1,1,0.23,0,0.17,0.06,0
29/12/20,32,33,NEG,NEG,NEG,18,2,0.22,0.02,0.09,0.12,0
29/12/20,32,33,NEG,NEG,NEG,22,3,0.66,0.53,0.04,0.09,0
5/01/21,33,34,NEG,NEG,NEG,1,4,0.45,0,0.22,0.23,0
5/01/21,33,34,NEG,NEG,NEG,18,5,0.22,0.05,0.14,0.04,0
5/01/21,33,34,NEG,NEG,NEG,22,6,0.37,0.24,0.1,0.03,0
12/01/21,34,35,NEG,NEG,NEG,1,1,0.18,0.06,0.1,0.02,0
12/01/21,34,35,NEG,NEG,NEG,18,2,0.13,0,0.11,0.03,0
12/01/21,34,35,NEG,NEG,NEG,22,3,0.19,0.12,0.04,0.01,0.013333333
26/01/21,36,37,NEG,NEG,NEG,1,4,0.35,0.06,0.06,0.23,0
26/01/21,36,37,NEG,NEG,NEG,18,5,0.5,0.14,0.05,0.31,0
26/01/21,36,37,NEG,NEG,NEG,22,6,0.22,0.13,0.03,0.05,0
23/02/21,40,41,NEG,NEG,NEG,1,1,0.8,0.2,0.08,0.52,0
23/02/21,40,41,NEG,NEG,NEG,18,2,0.81,0.38,0.02,0.41,0
23/02/21,40,41,NEG,NEG,NEG,22,3,0.99,0.59,0,0.4,0
2/03/21,41,42,NEG,NEG,NEG,1,4,2.74,0.64,0.25,1.84,0
2/03/21,41,42,NEG,NEG,NEG,18,5,2.1,0.96,0,1.15,0
2/03/21,41,42,NEG,NEG,NEG,22,6,1.33,0.64,0,0.69,0
10/03/21,42,43,NEG,NEG,NEG,1,1,1.01,0.38,0.07,0.56,0
10/03/21,42,43,NEG,NEG,NEG,18,2,1.77,0.9,0,0.88,0
10/03/21,42,43,NEG,NEG,NEG,22,3,0.39,0.25,0.01,0.13,0
16/03/21,43,44,NEG,NEG,NEG,1,4,1.96,0.58,0.07,1.31,0
16/03/21,43,44,NEG,NEG,NEG,18,5,2.89,1.38,0,1.51,0
16/03/21,43,44,NEG,NEG,NEG,22,6,0.15,0.15,0,0,0
23/03/21,44,45,NEG,NEG,NEG,1,1,1.48,0.58,0.01,0.89,0
23/03/21,44,45,NEG,NEG,NEG,18,2,3.94,1.98,0,1.96,0
23/03/21,44,45,NEG,NEG,NEG,22,3,0.35,0.31,0.02,0.02,0
30/03/21,45,46,NEG,NEG,NEG,1,4,2.55,1.04,0.02,1.5,0
30/03/21,45,46,NEG,NEG,NEG,18,5,4.45,2.72,0,1.73,0
30/03/21,45,46,NEG,NEG,NEG,22,6,1.31,1.18,0.01,0.12,0
6/04/21,46,47,NEG,NEG,NEG,1,1,1.09,0.66,0.02,0.41,0
6/04/21,46,47,NEG,NEG,NEG,18,2,3.08,2.43,0,0.66,0
6/04/21,46,47,NEG,NEG,NEG,22,3,2.36,2.21,0.01,0.15,0
13/04/21,47,48,NEG,NEG,NEG,1,4,1.49,0.9,0.01,0.58,0
13/04/21,47,48,NEG,NEG,NEG,18,5,2.46,1.95,0,0.51,0
13/04/21,47,48,NEG,NEG,NEG,22,6,1.86,1.65,0,0.21,0
20/04/21,48,49,NEG,NEG,NEG,1,1,2.34,1.34,0,1.01,0
20/04/21,48,49,NEG,NEG,NEG,18,2,2.36,2.06,0,0.3,0
20/04/21,48,49,NEG,NEG,NEG,22,3,2.88,2.74,0,0.15,0
27/04/21,49,50,NEG,NEG,NEG,1,4,4.41,2.35,0,2.06,0
27/04/21,49,50,NEG,NEG,NEG,18,5,2.57,2.26,0,0.31,0
27/04/21,49,50,NEG,NEG,NEG,22,6,3.65,3.4,0,0.25,0
4/05/21,50,51,NEG,NEG,NEG,1,1,6.39,3.13,0,3.26,0
4/05/21,50,51,NEG,NEG,NEG,18,2,3.52,3.04,0,0.47,0
4/05/21,50,51,NEG,NEG,NEG,22,3,8.34,7.82,0,0.52,0
11/05/21,51,52,NEG,NEG,NEG,1,4,3.42,2.02,0,1.4,0
11/05/21,51,52,NEG,NEG,NEG,18,5,4.96,4.26,0,0.71,0
11/05/21,51,52,NEG,NEG,NEG,22,6,55.43,53.17,0,2.25,0
18/05/21,52,53,NEG,NEG,NEG,1,1,4.46,2.14,0,2.32,0
18/05/21,52,53,NEG,NEG,NEG,18,2,4.66,3.84,0,0.82,0
18/05/21,52,53,NEG,NEG,NEG,22,3,14.61,14.61,0,0,0
25/05/21,53,54,NEG,NEG,NEG,1,4,6.4,3.49,0.04,2.87,0
25/05/21,53,54,NEG,NEG,NEG,18,5,2.85,2.45,0,0.41,0
25/05/21,53,54,NEG,NEG,NEG,22,6,16.38,16.38,0,0,0
1/06/21,54,55,NEG,NEG,NEG,1,1,11.36,7.54,0,3.81,0
1/06/21,54,55,NEG,NEG,NEG,18,2,3.77,3.23,0,0.55,0
1/06/21,54,55,NEG,NEG,NEG,22,3,20.54,20.34,0,0.21,0
8/06/21,55,56,NEG,NEG,NEG,1,4,29.51,22.82,0,6.69,0
8/06/21,55,56,NEG,NEG,NEG,18,5,12.92,10.07,0,2.85,0
8/06/21,55,56,NEG,NEG,NEG,22,6,24.65,24.65,0,0,0
15/06/21,56,57,NEG,NEG,NEG,1,1,28.82,19.87,0,8.95,0
15/06/21,56,57,NEG,NEG,NEG,18,2,14.02,10.56,0,3.45,0
15/06/21,56,57,NEG,NEG,NEG,22,3,14.31,14.31,0,0,0
22/06/21,57,58,NEG,NEG,NEG,1,4,43.55,39.33,0,4.22,0
22/06/21,57,58,NEG,NEG,NEG,18,5,14.18,10.39,0,3.8,0
22/06/21,57,58,NEG,NEG,NEG,22,6,14.64,14.64,0,0,0
29/06/21,58,59,NEG,NEG,NEG,1,1,23.32,19.73,0,3.6,0
29/06/21,58,59,NEG,NEG,NEG,18,2,4.05,3.27,0,0.79,0
29/06/21,58,59,NEG,NEG,NEG,22,3,6.53,6.53,0,0,0
6/07/21,59,60,NEG,NEG,NEG,1,4,20.6,13.66,0,6.94,0
6/07/21,59,60,NEG,NEG,NEG,18,5,1.14,0.89,0.13,0.13,0
6/07/21,59,60,NEG,NEG,NEG,22,6,3.53,3.45,0.01,0.07,0
13/07/21,60,61,NEG,NEG,NEG,1,1,20.35,13.81,0,6.53,0
13/07/21,60,61,NEG,NEG,NEG,18,2,1.61,1.17,0.18,0.27,0
13/07/21,60,61,NEG,NEG,NEG,22,3,2.08,1.9,0.07,0.11,0