sampling.week,AveTempC,AveTempH,Ave_tempdiff,DegreeWeeks,Ave_tempdiff_R,M2,M5,M7,M9,M12,M13,M14,M17,M19,M21,M24,M25,M3,M4,M6,M8,M10,M11,M15,M16,M20,M23,M26,M27
0,14.69334335,17.9298532,3.236509854,3.236509854,3,12.5,13.81428571,14,13.78571429,12.55714286,12.94285714,12.85714286,13.4,13.61428571,13.48571429,13.7,13.57142857,12.84285714,14.02857143,14.07142857,14.08571429,12.62857143,12.82857143,13.01428571,13.27142857,13.42857143,13.74285714,13.84285714,13.82857143
1,16.79446429,22.72444264,5.929978355,9.166488209,6,14.60248447,15.39503106,15.45403727,15.27018634,14.27453416,15.1068323,14.99192547,15.00745342,15.2484472,15.02111801,15.40807453,14.88819876,19.43726708,19.49627329,19.50124224,19.40869565,19.45217391,19.54161491,19.44782609,19.4447205,19.44223602,19.46086957,19.48819876,19.46335404
2,17.57624717,24.26079932,6.684552154,15.09646656,7,17.62795031,17.42049689,17.60993789,17.41614907,17.28881988,18.09751553,18.1136646,17.5826087,17.76832298,17.59068323,18.04968944,16.9689441,23.92919255,23.79627329,23.8068323,23.74534161,23.84596273,23.89813665,23.93602484,23.92049689,23.81552795,23.84223602,23.88074534,23.82111801
3,18.19184103,24.16917388,5.977332852,21.02644492,6,16.71677019,17.63229814,17.78509317,17.5863354,16.23913043,16.9310559,16.91987578,17.66086957,17.75590062,17.47204969,17.57888199,17.63354037,23.97888199,23.93975155,23.73043478,23.70062112,23.92732919,23.67701863,23.60993789,24.06521739,23.86770186,23.94782609,23.93229814,24.00248447
4,20.77653633,23.95300787,3.176471548,26.95642327,3,17.99254658,18.71428571,18.86149068,18.6136646,18.06397516,18.30621118,18.43043478,18.91242236,18.85962733,18.72360248,18.89627329,18.7484472,23.91490683,23.87515528,23.90310559,23.74968944,23.93602484,23.85838509,23.89875776,23.92670807,23.86770186,23.90807453,23.93850932,23.88695652
5,22.19484339,23.51522429,1.131755062,32.88640163,1,20.58447205,21.06149068,21.08757764,20.91863354,20.75279503,20.98571429,21.07391304,21.1515528,21.06645963,21.1931677,21.3484472,20.74099379,23.74658385,23.6378882,23.71242236,23.59689441,23.6757764,23.6310559,23.65031056,23.67018634,23.58757764,23.65838509,23.69130435,23.66956522
6,20.16429073,21.24246016,1.078169427,38.81637998,1,21.98745883,23.11427042,23.14888834,23.05872036,22.16971344,22.40400198,22.4902668,23.10322793,22.97089097,23.09797431,23.16656785,22.92131094,23.97559289,23.9388834,23.91801713,23.80722991,23.94833663,23.89623682,23.88041008,23.92961133,23.88094532,23.89079381,23.91559618,23.9384305
7,16.85921145,18.83253906,1.973327608,44.74635834,2,17.98385093,18.14782609,18.3,18.15962733,18.48944099,18.73664596,18.58136646,18.28012422,18.29627329,18.50124224,18.57204969,17.84782609,19.75031056,19.6068323,19.63913043,19.56645963,19.68571429,19.72049689,19.71055901,19.59813665,19.59627329,19.62298137,19.61118012,19.6
8,18.2480614,21.22445029,2.976388889,50.67633669,3,16.54099379,16.42981366,16.67639752,16.60124224,17.11118012,17.30062112,17.13043478,16.53850932,16.75652174,16.83229814,17.01490683,16.11180124,19.13850932,19.05465839,19.09130435,18.95962733,19.14347826,19.12546584,19.12360248,19.04906832,19.0515528,19.04720497,19.0621118,19.0621118
9,19.64016423,23.60017316,3.960008933,56.60631505,4,19.05838509,19.46024845,19.72608696,19.60310559,19.37142857,19.54099379,19.36086957,19.68944099,19.61552795,19.73043478,19.71118012,19.22981366,22.79875776,22.75838509,22.79192547,22.70434783,22.85776398,22.79006211,22.75962733,22.79503106,22.70745342,22.69689441,22.75093168,22.77639752
10,18.3600351,22.37193223,4.011897131,62.5362934,4,18.68881988,18.89503106,19.18881988,19.1136646,19.18881988,19.3242236,19.18198758,19.0931677,19.13354037,19.29937888,19.22670807,18.6068323,23.1068323,23.11180124,23.08012422,22.9931677,23.12670807,23.10062112,23.1173913,23.11428571,23.09503106,23.07701863,23.11925466,23.13416149
11,21.05647028,25.04647559,3.990005316,68.46627176,4,18.28757764,18.36273292,18.8173913,18.73416149,18.72298137,18.83913043,18.57701863,18.67453416,18.71614907,18.81428571,18.71180124,18.12484472,22.65590062,22.61925466,22.65962733,22.52732919,22.63726708,22.66832298,22.62732919,22.63291925,22.6173913,22.6242236,22.65838509,22.6
12,22.70202571,25.72755624,3.025530527,74.39625011,3,21.80310559,22.17018634,22.42732919,22.41552795,21.64534161,21.76024845,21.60807453,22.3310559,22.26708075,22.31304348,22.10062112,21.61677019,25.79440994,25.75962733,25.67950311,25.6136646,25.73726708,25.76521739,25.6447205,25.75838509,25.67639752,25.66521739,25.75341615,25.82111801
13,21.68124068,23.7377635,2.056522825,80.32622847,2,22.18819876,22.84596273,23.13354037,22.90496894,22.00621118,22.04534161,21.99565217,23.0484472,22.87142857,22.88012422,22.53043478,22.32049689,25.36956522,25.38695652,25.36645963,25.24285714,25.40745342,25.34968944,25.29440994,25.3689441,25.33167702,25.3552795,25.35962733,25.38136646
14,17.85235298,19.89460503,2.042252046,86.25620682,2,20.24409938,20.54099379,20.81552795,20.61242236,20.47453416,20.52298137,20.45093168,20.80124224,20.75279503,20.88819876,20.66459627,20.16708075,22.6068323,22.59689441,22.60559006,22.51490683,22.60745342,22.63478261,22.62857143,22.62111801,22.60186335,22.59813665,22.62732919,22.64223602
15,16.51311237,21.28764701,4.774534632,92.18618518,5,16.52111801,16.88695652,17.34658385,17.03167702,17.23416149,17.24285714,17.19503106,17.20559006,17.24968944,17.40248447,17.28198758,16.4173913,19.87515528,19.75403727,19.79503106,19.63975155,19.9068323,19.89565217,19.95217391,19.67329193,19.71925466,19.79751553,19.75465839,19.6515528
16,15.00750661,20.01558201,5.008075397,98.11616353,5,15.69378882,15.52484472,16.28012422,16.09813665,16.73913043,17.03540373,16.8621118,15.89689441,16.16832298,16.55900621,16.45590062,15.09254658,21.2378882,21.19006211,21.20745342,21.08509317,21.19813665,21.19627329,21.19751553,21.1826087,21.26335404,21.20559006,21.16708075,21.16832298
17,15.42071799,23.10496904,7.684251047,104.0461419,8,15.12732919,14.85962733,15.49937888,15.38385093,15.78136646,16.10807453,15.78385093,15.16086957,15.23913043,15.59378882,15.64409938,14.83913043,21.13416149,21.04720497,21.09378882,20.93726708,21.17391304,21.09813665,21.18944099,21.10062112,21.01428571,21.05838509,21.07515528,20.99937888
18,14.24999346,21.25237732,7.00238386,109.9761202,7,14.17826087,13.90807453,14.8689441,14.84658385,14.64596273,15.49627329,15.45341615,14.28136646,14.36086957,14.54409938,15.13913043,14.14968944,22.41925466,22.31801242,22.35714286,22.2378882,22.39068323,22.38198758,22.41055901,22.35465839,22.27391304,22.16645963,22.39254658,22.27826087
19,13.99893383,17.29970434,3.300770516,115.9060986,3,14.32795031,14.29503106,14.64906832,14.57018634,14.39130435,14.70869565,14.73291925,14.49440994,14.47329193,14.55962733,14.62049689,14.50745342,20.70310559,20.7242236,20.69254658,20.59068323,20.61925466,20.72173913,20.65652174,20.72919255,20.66024845,20.68322981,20.67329193,20.68074534
20,12.4493164,13.71577902,1.266462622,121.836077,1,13.52250403,13.45652174,13.55217391,13.52173913,13.71180124,13.92298137,14.02670807,13.72919255,13.6863354,13.73478261,13.60372671,13.40869565,16.39006211,16.31677019,16.32670807,16.19875776,16.23850932,16.36335404,16.29503106,16.46149068,16.35652174,16.29130435,16.33416149,16.34099379
21,7.51257764,7.889130435,0.376552795,127.7660553,0,11.17375776,11.10310559,11.17701863,10.96335404,11.45279503,11.59378882,11.48322981,11.30807453,11.22173913,11.26708075,10.99378882,10.77267081,12.38819876,12.12981366,12.0931677,12.15838509,12.0552795,12.26583851,12.19254658,12.16149068,12.10745342,12.15962733,12.09937888,12.2378882
22,8.77998224,10.74237223,1.962389991,133.6960337,2,7.325465839,6.435403727,6.559627329,6.085093168,7.194409938,7.249068323,7.237888199,6.865217391,6.682608696,6.539130435,6.391304348,5.852795031,7.963354037,7.330434783,7.347204969,7.438509317,7.255279503,7.631055901,7.436645963,7.323602484,7.409937888,7.355900621,7.404347826,7.317391304
23,9.770807005,14.61392812,4.843121114,139.626012,5,10.45488425,9.93715415,9.968068888,9.811998871,10.28201581,10.2756917,9.979672501,10.30172219,10.06852296,10.08212874,9.736533032,9.834639093,12.87236495,12.83096414,12.84994353,12.76179889,12.8548019,12.90247741,12.82461415,12.7821805,12.80489366,12.84677913,12.82040984,12.83634481
24,9.991518931,14.95717979,4.96566086,145.5559904,5,9.136227053,9.67515528,9.909937888,9.956521739,10.09937888,9.973913043,9.908074534,9.811180124,9.867701863,9.849689441,9.87826087,10.44285714,14.91118012,14.83602484,14.85776398,14.79378882,14.83043478,14.90124224,14.86335404,14.8484472,14.85403727,14.85776398,14.86956522,14.87826087
25,7.705229955,15.5495523,7.844322344,151.4859687,8,9.351185771,8.875776398,9.148447205,9.121118012,9.398757764,9.357763975,9.252173913,9.052795031,9.104347826,9.052173913,9.129813665,9.643478261,14.92173913,14.93726708,14.92484472,14.81242236,14.95093168,14.94409938,14.91180124,14.91552795,14.96956522,14.9447205,14.92298137,14.97018634
26,7.536721612,15.49166552,7.95494391,157.4159471,8,7.770993789,7.458850932,7.629813665,7.590062112,7.767639752,7.721304348,7.662267081,7.544906832,7.592142857,7.580776398,7.593881988,8.167732919,15.71878882,15.67807453,15.67031056,15.53767081,15.65397516,15.66773292,15.63689441,15.63437888,15.66618012,15.66086957,15.6647205,15.64670807
27,5.025245729,12.03381022,7.008564488,163.3459254,7,7.127950311,6.401863354,6.622360248,6.499378882,7.106832298,7.048447205,6.959627329,6.594409938,6.621118012,6.6,6.596273292,7.142857143,14.47204969,14.4515528,14.48757764,14.39503106,14.45776398,14.49689441,14.52546584,14.48447205,14.48447205,14.46397516,14.44782609,14.38074534
28,2.000614541,8.042981333,6.042366791,169.2759038,6,4.039130435,3.414906832,3.728571429,3.572670807,3.927950311,4.034161491,3.98447205,3.552795031,3.616149068,3.672049689,3.49378882,4.077018634,10.52360248,10.5,10.51428571,10.41677019,10.51677019,10.51180124,10.59937888,10.51304348,10.56645963,10.51428571,10.5136646,10.5068323
29,3.550479034,8.574643995,5.02416496,175.2058821,5,2.970186335,2.68136646,2.831055901,2.559006211,2.819254658,2.899378882,2.832298137,2.51863354,2.655900621,2.588198758,2.554658385,2.982608696,8.498757764,8.447826087,8.48757764,8.397515528,8.445962733,8.470807453,8.495652174,8.477018634,8.49378882,8.446583851,8.455279503,8.539130435
30,4.655801807,6.336916526,1.681114719,181.1358605,2,3.589440994,3.325465839,3.359627329,3.272049689,3.339130435,3.526708075,3.39378882,3.308695652,3.431055901,3.306832298,3.258385093,3.823602484,7.867701863,7.852795031,7.859006211,7.827329193,7.833540373,7.852173913,7.881987578,7.865838509,7.89689441,7.881987578,7.858385093,7.844720497
31,3.211024845,3.645600414,0.434575569,187.0658389,0,5.39378882,4.809937888,5.00621118,4.983229814,5.089440994,5.18757764,5.022981366,4.995652174,5.083229814,4.908695652,4.926708075,5.539751553,6.158385093,6.055900621,6.050931677,6.10621118,6.059006211,6.186335404,6.141614907,6.045962733,6.172049689,6.137267081,6.088819876,6.12484472
32,2.168322981,2.250465839,0.082142857,192.9958172,0,2.553416149,1.934782609,2.903726708,1.853416149,2.252795031,2.519254658,2.409937888,2.049068323,2.139130435,2.179503106,1.91552795,2.47515528,2.698136646,2.429192547,2.41242236,2.491304348,2.519875776,2.616149068,2.646583851,2.445341615,2.531677019,2.501863354,2.444720497,2.437888199
33,0.319254658,2.582349896,2.263095238,198.9257956,2,1.964596273,1.657763975,1.802484472,1.604347826,1.680745342,1.927329193,1.80931677,1.654658385,1.732298137,1.734782609,1.555900621,2.062732919,2.491925466,2.288819876,2.336024845,2.422360248,2.413043478,2.364596273,2.414285714,2.366459627,2.459627329,2.417391304,2.394409938,2.355900621
34,0.461128364,5.401035197,4.939906832,204.8557739,5,0.561490683,0.345962733,0.260869565,0.2,0.249689441,0.528571429,0.445962733,0.782608696,0.416770186,0.416149068,0.254037267,0.634161491,3.450931677,3.460869565,3.434782609,3.365217391,3.466459627,3.435403727,3.424223602,3.449068323,3.496273292,3.495031056,3.413043478,3.443478261
35,0.395134576,7.612732919,7.217598344,210.7857523,7,0.466459627,0.236024845,0.226086957,0.138509317,0.159627329,0.504968944,0.350310559,0.429813665,0.242857143,0.229813665,0.107453416,0.496273292,5.872670807,5.931677019,5.881987578,5.691925466,5.805590062,5.907453416,5.916149068,5.736645963,5.847204969,5.834782609,5.808695652,5.783229814
36,0.391873706,7.640010352,7.248136646,216.7157306,7,1.259006211,0.67515528,0.260248447,0.208695652,0.647204969,0.635403727,0.824223602,0.152173913,0.268322981,0.163975155,0.31552795,0.931677019,7.940993789,7.898136646,7.940993789,7.839130435,7.90310559,7.91242236,7.920496894,7.882608696,7.926708075,7.90931677,7.904347826,7.916149068
37,0.205745342,5.878623188,5.672877847,222.645709,6,0.470807453,0.353416149,0.260869565,0.109937888,0.211180124,0.382608696,0.310559006,0.12484472,0.200621118,0.100621118,0.077639752,0.614285714,7.260869565,7.203726708,7.206832298,7.19068323,7.31242236,7.244720497,7.277639752,7.185714286,7.265838509,7.277018634,7.272670807,7.175776398
38,0.211128364,5.130331263,4.919202899,228.5756873,5,0.286956522,0.180124224,0.230434783,0.1,0.011180124,0.366459627,0.207453416,0.089440994,0.237267081,0.065217391,-0.029192547,0.513664596,5.693167702,5.279503106,5.09378882,5.070186335,5.418012422,5.837888199,5.820496894,5.207453416,5.205590062,5.510559006,5.430434783,4.837888199
39,0.210375494,3.915062112,3.704686618,234.5056657,4,0.314285714,0.185714286,0.285714286,0.1,0,0.371428571,0.185714286,0.085714286,0.271428571,0.085714286,0,0.628571429,5.414285714,5.042857143,4.971428571,4.9,5.2,5.4,5.442857143,5.1,5.128571429,5.242857143,5.271428571,4.771428571